
CREATE TABLE `Abonnements` (
  `id_abonnement` int(11) NOT NULL,
  `date_demarrage` date DEFAULT NULL,
  `duree` int(11) DEFAULT NULL,
  `frequence` int(11) DEFAULT NULL,
  `mode_reglement` varchar(50) DEFAULT NULL,
  `options_choisies` text DEFAULT NULL,
  `statut` varchar(50) DEFAULT NULL,
  `type_produit` varchar(50) DEFAULT NULL,
  `id_adhérent` int(11) DEFAULT NULL,
  `id_panier` int(11) DEFAULT NULL
) ENGINE=InnoDB DEFAULT CHARSET=utf8mb4 COLLATE=utf8mb4_unicode_ci;

CREATE TABLE `Abonnements_Livraisons` (
  `id_abonnement` int(11) NOT NULL,
  `id_livraison` int(11) NOT NULL
) ENGINE=InnoDB DEFAULT CHARSET=utf8mb4 COLLATE=utf8mb4_unicode_ci;



CREATE TABLE `Actions_adhérent` (
  `id_action_client` int(11) NOT NULL,
  `declaration_absence` tinyint(1) DEFAULT NULL,
  `modification_coordonnees_bancaires` tinyint(1) DEFAULT NULL,
  `modification_coordonnees_personnelles` tinyint(1) DEFAULT NULL,
  `modification_jour_livraison` tinyint(1) DEFAULT NULL,
  `modification_point_depot` tinyint(1) DEFAULT NULL,
  `paiements_regularisation` tinyint(1) DEFAULT NULL,
  `report_annulation` tinyint(1) DEFAULT NULL,
  `telechargement_factures_documents` tinyint(1) DEFAULT NULL
) ENGINE=InnoDB DEFAULT CHARSET=utf8mb4 COLLATE=utf8mb4_unicode_ci;


CREATE TABLE `Adhesions` (
  `id_adhesion` int(11) NOT NULL,
  `cotisation` decimal(10,2) DEFAULT NULL,
  `date_adhesion` date DEFAULT NULL,
  `periodicite` varchar(50) DEFAULT NULL,
  `statut` varchar(50) DEFAULT NULL,
  `type_adhesion` varchar(50) DEFAULT NULL,
  `id_adhérent` int(11) DEFAULT NULL,
  `id_jardin` int(11) DEFAULT NULL
) ENGINE=InnoDB DEFAULT CHARSET=utf8mb4 COLLATE=utf8mb4_unicode_ci;



CREATE TABLE `Adhérent` (
  `id_client` int(11) NOT NULL,
  `email` varchar(255) DEFAULT NULL,
  `bons_livraison` text DEFAULT NULL,
  `coordonnees` text DEFAULT NULL,
  `date_naissance` date DEFAULT NULL,
  `factures` text DEFAULT NULL,
  `historique_commandes` text DEFAULT NULL,
  `mot_de_passe` varchar(255) DEFAULT NULL,
  `nationalite` varchar(50) DEFAULT NULL,
  `nom` varchar(100) DEFAULT NULL,
  `telephone` varchar(20) DEFAULT NULL,
  `point_livraison` varchar(255) DEFAULT NULL,
  `prenom` varchar(100) DEFAULT NULL,
  `statut` varchar(50) DEFAULT NULL,
  `id_point_depot` int(11) DEFAULT NULL
) ENGINE=InnoDB DEFAULT CHARSET=utf8mb4 COLLATE=utf8mb4_unicode_ci;



CREATE TABLE `Adhérent_Paniers` (
  `id_client` int(11) NOT NULL,
  `id_panier` int(11) NOT NULL
) ENGINE=InnoDB DEFAULT CHARSET=utf8mb4 COLLATE=utf8mb4_unicode_ci;



CREATE TABLE `Calendrier` (
  `id_calendrier` int(11) NOT NULL,
  `impact_dates_livraisons` text DEFAULT NULL,
  `impact_parcours_commande` text DEFAULT NULL,
  `jour_livraison_possible` varchar(50) DEFAULT NULL,
  `semaine_non_livrable` text DEFAULT NULL
) ENGINE=InnoDB DEFAULT CHARSET=utf8mb4 COLLATE=utf8mb4_unicode_ci;



CREATE TABLE `ContenuPanier` (
  `id_Contenu` int(11) NOT NULL,
  `id_Panier` int(11) DEFAULT NULL,
  `id_Legume` int(11) DEFAULT NULL,
  `poids` decimal(5,2) DEFAULT NULL
) ENGINE=InnoDB DEFAULT CHARSET=utf8mb4 COLLATE=utf8mb4_unicode_ci;



INSERT INTO `ContenuPanier` (`id_Contenu`, `id_Panier`, `id_Legume`, `poids`) VALUES
(15586, 2551, 3, 0.78),
(15587, 2551, 36, 0.70),
(15588, 2551, 38, 0.93),
(15589, 2551, 52, 0.58),
(15590, 2551, 54, 0.56),
(15591, 2552, 3, 0.78),
(15592, 2552, 8, 0.74),
(15593, 2552, 28, 0.45),
(15594, 2552, 30, 0.88),
(15595, 2552, 54, 0.56),
(15596, 2553, 8, 0.74),
(15597, 2553, 12, 0.47),
(15598, 2553, 20, 0.74),
(15599, 2553, 36, 0.70),
(15600, 2553, 37, 0.74),
(15601, 2554, 3, 0.78),
(15602, 2554, 12, 0.47),
(15603, 2554, 19, 0.56),
(15604, 2554, 22, 0.70),
(15605, 2554, 55, 0.61),
(15606, 2555, 18, 0.47),
(15607, 2555, 25, 0.67),
(15608, 2555, 27, 0.44),
(15609, 2555, 36, 0.70),
(15610, 2555, 50, 0.52),
(15611, 2556, 5, 0.64),
(15612, 2556, 10, 0.58),
(15613, 2556, 30, 0.88),
(15614, 2556, 41, 0.40),
(15615, 2556, 52, 0.58),
(15616, 2557, 3, 0.78),
(15617, 2557, 18, 0.47),
(15618, 2557, 25, 0.67),
(15619, 2557, 32, 0.47),
(15620, 2557, 52, 0.58),
(15621, 2558, 9, 0.82),
(15622, 2558, 12, 0.47),
(15623, 2558, 27, 0.44),
(15624, 2558, 36, 0.70),
(15625, 2558, 37, 0.74),
(15626, 2559, 10, 0.58),
(15627, 2559, 19, 0.56),
(15628, 2559, 30, 0.88),
(15629, 2559, 36, 0.70),
(15630, 2559, 45, 0.54),
(15631, 2560, 7, 0.78),
(15632, 2560, 9, 0.82),
(15633, 2560, 12, 0.47),
(15634, 2560, 17, 0.70),
(15635, 2560, 54, 0.56),
(15636, 2561, 5, 0.64),
(15637, 2561, 16, 0.56),
(15638, 2561, 27, 0.44),
(15639, 2561, 34, 0.56),
(15640, 2561, 38, 0.93),
(15641, 2562, 3, 0.78),
(15642, 2562, 20, 0.74),
(15643, 2562, 29, 0.48),
(15644, 2562, 32, 0.47),
(15645, 2562, 50, 0.52),
(15646, 2563, 17, 0.70),
(15647, 2563, 34, 0.56),
(15648, 2563, 38, 0.93),
(15649, 2563, 45, 0.54),
(15650, 2563, 50, 0.52),
(15651, 2564, 27, 0.44),
(15652, 2564, 28, 0.45),
(15653, 2564, 34, 0.56),
(15654, 2564, 41, 0.40),
(15655, 2564, 54, 0.56),
(15656, 2565, 2, 0.70),
(15657, 2565, 7, 0.78),
(15658, 2565, 16, 0.56),
(15659, 2565, 23, 0.40),
(15660, 2565, 52, 0.58),
(15661, 2566, 12, 0.47),
(15662, 2566, 24, 0.78),
(15663, 2566, 27, 0.44),
(15664, 2566, 41, 0.40),
(15665, 2566, 50, 0.52),
(15666, 2567, 2, 0.70),
(15667, 2567, 8, 0.74),
(15668, 2567, 10, 0.58),
(15669, 2567, 16, 0.56),
(15670, 2567, 20, 0.74),
(15671, 2568, 16, 0.56),
(15672, 2568, 18, 0.47),
(15673, 2568, 22, 0.70),
(15674, 2568, 23, 0.40),
(15675, 2568, 53, 0.37),
(15676, 2569, 8, 0.74),
(15677, 2569, 22, 0.70),
(15678, 2569, 30, 0.88),
(15679, 2569, 32, 0.47),
(15680, 2569, 36, 0.70),
(15681, 2570, 2, 0.70),
(15682, 2570, 9, 0.82),
(15683, 2570, 17, 0.70),
(15684, 2570, 22, 0.70),
(15685, 2570, 34, 0.56),
(15686, 2571, 2, 0.70),
(15687, 2571, 7, 0.78),
(15688, 2571, 25, 0.67),
(15689, 2571, 45, 0.54),
(15690, 2571, 52, 0.58),
(15691, 2572, 8, 0.74),
(15692, 2572, 12, 0.47),
(15693, 2572, 34, 0.56),
(15694, 2572, 50, 0.52),
(15695, 2572, 55, 0.61),
(15696, 2573, 2, 0.70),
(15697, 2573, 5, 0.64),
(15698, 2573, 50, 0.52),
(15699, 2573, 53, 0.37),
(15700, 2573, 55, 0.61),
(15701, 2574, 22, 0.70),
(15702, 2574, 24, 0.78),
(15703, 2574, 27, 0.44),
(15704, 2574, 37, 0.74),
(15705, 2574, 45, 0.54),
(15706, 2575, 7, 0.78),
(15707, 2575, 8, 0.74),
(15708, 2575, 28, 0.45),
(15709, 2575, 32, 0.47),
(15710, 2575, 37, 0.74),
(15711, 2576, 5, 0.64),
(15712, 2576, 7, 0.78),
(15713, 2576, 20, 0.74),
(15714, 2576, 25, 0.67),
(15715, 2576, 53, 0.37),
(15716, 2577, 2, 0.70),
(15717, 2577, 3, 0.78),
(15718, 2577, 17, 0.70),
(15719, 2577, 20, 0.74),
(15720, 2577, 28, 0.45),
(15721, 2578, 8, 0.74),
(15722, 2578, 16, 0.56),
(15723, 2578, 27, 0.44),
(15724, 2578, 38, 0.93),
(15725, 2578, 53, 0.37),
(15726, 2579, 9, 0.82),
(15727, 2579, 18, 0.47),
(15728, 2579, 25, 0.67),
(15729, 2579, 27, 0.44),
(15730, 2579, 52, 0.58),
(15731, 2580, 7, 0.78),
(15732, 2580, 9, 0.82),
(15733, 2580, 25, 0.67),
(15734, 2580, 37, 0.74),
(15735, 2580, 55, 0.61),
(15736, 2581, 7, 0.78),
(15737, 2581, 10, 0.58),
(15738, 2581, 12, 0.47),
(15739, 2581, 30, 0.88),
(15740, 2581, 45, 0.54),
(15741, 2582, 17, 0.70),
(15742, 2582, 20, 0.74),
(15743, 2582, 25, 0.67),
(15744, 2582, 29, 0.48),
(15745, 2582, 37, 0.74),
(15746, 2583, 23, 0.40),
(15747, 2583, 24, 0.78),
(15748, 2583, 38, 0.93),
(15749, 2583, 52, 0.58),
(15750, 2583, 55, 0.61),
(15751, 2584, 19, 0.56),
(15752, 2584, 20, 0.74),
(15753, 2584, 27, 0.44),
(15754, 2584, 36, 0.70),
(15755, 2584, 53, 0.37),
(15756, 2585, 12, 0.47),
(15757, 2585, 17, 0.70),
(15758, 2585, 22, 0.70),
(15759, 2585, 24, 0.78),
(15760, 2585, 34, 0.56),
(15761, 2586, 18, 0.47),
(15762, 2586, 22, 0.70),
(15763, 2586, 32, 0.47),
(15764, 2586, 38, 0.93),
(15765, 2586, 52, 0.58),
(15766, 2587, 2, 0.70),
(15767, 2587, 16, 0.56),
(15768, 2587, 32, 0.47),
(15769, 2587, 54, 0.56),
(15770, 2587, 55, 0.61),
(15771, 2588, 2, 0.70),
(15772, 2588, 19, 0.56),
(15773, 2588, 27, 0.44),
(15774, 2588, 36, 0.70),
(15775, 2588, 38, 0.93),
(15776, 2589, 19, 0.56),
(15777, 2589, 24, 0.78),
(15778, 2589, 28, 0.45),
(15779, 2589, 32, 0.47),
(15780, 2589, 55, 0.61),
(15781, 2590, 3, 0.78),
(15782, 2590, 7, 0.78),
(15783, 2590, 8, 0.74),
(15784, 2590, 34, 0.56),
(15785, 2590, 50, 0.52),
(15786, 2591, 8, 0.74),
(15787, 2591, 22, 0.70),
(15788, 2591, 32, 0.47),
(15789, 2591, 45, 0.54),
(15790, 2591, 54, 0.56),
(15791, 2592, 12, 0.47),
(15792, 2592, 16, 0.56),
(15793, 2592, 25, 0.67),
(15794, 2592, 34, 0.56),
(15795, 2592, 53, 0.37),
(15796, 2593, 17, 0.70),
(15797, 2593, 19, 0.56),
(15798, 2593, 45, 0.54),
(15799, 2593, 50, 0.52),
(15800, 2593, 53, 0.37),
(15801, 2594, 2, 0.70),
(15802, 2594, 29, 0.48),
(15803, 2594, 30, 0.88),
(15804, 2594, 45, 0.54),
(15805, 2594, 52, 0.58),
(15806, 2595, 3, 0.78),
(15807, 2595, 9, 0.82),
(15808, 2595, 16, 0.56),
(15809, 2595, 18, 0.47),
(15810, 2595, 50, 0.52),
(15811, 2596, 2, 0.70),
(15812, 2596, 32, 0.47),
(15813, 2596, 36, 0.70),
(15814, 2596, 50, 0.52),
(15815, 2596, 54, 0.56),
(15816, 2597, 18, 0.47),
(15817, 2597, 38, 0.93),
(15818, 2597, 50, 0.52),
(15819, 2597, 53, 0.37),
(15820, 2597, 54, 0.56),
(15821, 2598, 3, 0.78),
(15822, 2598, 10, 0.58),
(15823, 2598, 41, 0.40),
(15824, 2598, 50, 0.52),
(15825, 2598, 53, 0.37),
(15826, 2599, 10, 0.58),
(15827, 2599, 17, 0.70),
(15828, 2599, 20, 0.74),
(15829, 2599, 28, 0.45),
(15830, 2599, 53, 0.37),
(15831, 2600, 3, 0.78),
(15832, 2600, 19, 0.56),
(15833, 2600, 24, 0.78),
(15834, 2600, 34, 0.56),
(15835, 2600, 53, 0.37),
(15836, 2601, 5, 0.97),
(15837, 2601, 17, 1.07),
(15838, 2601, 24, 1.19),
(15839, 2601, 32, 0.71),
(15840, 2601, 36, 1.07),
(15841, 2601, 52, 0.89),
(15842, 2601, 54, 0.86),
(15843, 2602, 7, 1.19),
(15844, 2602, 9, 1.26),
(15845, 2602, 12, 0.71),
(15846, 2602, 16, 0.86),
(15847, 2602, 27, 0.67),
(15848, 2602, 28, 0.69),
(15849, 2602, 52, 0.89),
(15850, 2603, 9, 1.26),
(15851, 2603, 18, 0.71),
(15852, 2603, 19, 0.86),
(15853, 2603, 30, 1.34),
(15854, 2603, 36, 1.07),
(15855, 2603, 38, 1.43),
(15856, 2603, 53, 0.56),
(15857, 2604, 17, 1.07),
(15858, 2604, 23, 0.61),
(15859, 2604, 30, 1.34),
(15860, 2604, 37, 1.13),
(15861, 2604, 38, 1.43),
(15862, 2604, 41, 0.61),
(15863, 2604, 55, 0.93),
(15864, 2605, 12, 0.71),
(15865, 2605, 19, 0.86),
(15866, 2605, 29, 0.74),
(15867, 2605, 32, 0.71),
(15868, 2605, 38, 1.43),
(15869, 2605, 52, 0.89),
(15870, 2605, 53, 0.56),
(15871, 2606, 8, 1.13),
(15872, 2606, 12, 0.71),
(15873, 2606, 18, 0.71),
(15874, 2606, 36, 1.07),
(15875, 2606, 37, 1.13),
(15876, 2606, 38, 1.43),
(15877, 2606, 55, 0.93),
(15878, 2607, 8, 1.13),
(15879, 2607, 17, 1.07),
(15880, 2607, 23, 0.61),
(15881, 2607, 24, 1.19),
(15882, 2607, 27, 0.67),
(15883, 2607, 36, 1.07),
(15884, 2607, 38, 1.43),
(15885, 2608, 2, 1.07),
(15886, 2608, 3, 1.19),
(15887, 2608, 7, 1.19),
(15888, 2608, 16, 0.86),
(15889, 2608, 23, 0.61),
(15890, 2608, 25, 1.02),
(15891, 2608, 55, 0.93),
(15892, 2609, 20, 1.13),
(15893, 2609, 23, 0.61),
(15894, 2609, 27, 0.67),
(15895, 2609, 30, 1.34),
(15896, 2609, 34, 0.86),
(15897, 2609, 36, 1.07),
(15898, 2609, 54, 0.86),
(15899, 2610, 5, 0.97),
(15900, 2610, 7, 1.19),
(15901, 2610, 8, 1.13),
(15902, 2610, 28, 0.69),
(15903, 2610, 32, 0.71),
(15904, 2610, 36, 1.07),
(15905, 2610, 38, 1.43),
(15906, 2611, 17, 1.07),
(15907, 2611, 19, 0.86),
(15908, 2611, 20, 1.13),
(15909, 2611, 22, 1.07),
(15910, 2611, 25, 1.02),
(15911, 2611, 32, 0.71),
(15912, 2611, 41, 0.61),
(15913, 2612, 7, 1.19),
(15914, 2612, 8, 1.13),
(15915, 2612, 17, 1.07),
(15916, 2612, 23, 0.61),
(15917, 2612, 24, 1.19),
(15918, 2612, 25, 1.02),
(15919, 2612, 50, 0.79),
(15920, 2613, 5, 0.97),
(15921, 2613, 8, 1.13),
(15922, 2613, 10, 0.89),
(15923, 2613, 22, 1.07),
(15924, 2613, 30, 1.34),
(15925, 2613, 36, 1.07),
(15926, 2613, 50, 0.79),
(15927, 2614, 16, 0.86),
(15928, 2614, 17, 1.07),
(15929, 2614, 23, 0.61),
(15930, 2614, 24, 1.19),
(15931, 2614, 38, 1.43),
(15932, 2614, 52, 0.89),
(15933, 2614, 53, 0.56),
(15934, 2615, 16, 0.86),
(15935, 2615, 24, 1.19),
(15936, 2615, 25, 1.02),
(15937, 2615, 30, 1.34),
(15938, 2615, 36, 1.07),
(15939, 2615, 50, 0.79),
(15940, 2615, 52, 0.89),
(15941, 2616, 7, 1.19),
(15942, 2616, 9, 1.26),
(15943, 2616, 17, 1.07),
(15944, 2616, 22, 1.07),
(15945, 2616, 25, 1.02),
(15946, 2616, 29, 0.74),
(15947, 2616, 30, 1.34),
(15948, 2617, 3, 1.19),
(15949, 2617, 7, 1.19),
(15950, 2617, 17, 1.07),
(15951, 2617, 18, 0.71),
(15952, 2617, 22, 1.07),
(15953, 2617, 27, 0.67),
(15954, 2617, 37, 1.13),
(15955, 2618, 2, 1.07),
(15956, 2618, 16, 0.86),
(15957, 2618, 23, 0.61),
(15958, 2618, 29, 0.74),
(15959, 2618, 38, 1.43),
(15960, 2618, 52, 0.89),
(15961, 2618, 55, 0.93),
(15962, 2619, 17, 1.07),
(15963, 2619, 18, 0.71),
(15964, 2619, 24, 1.19),
(15965, 2619, 27, 0.67),
(15966, 2619, 28, 0.69),
(15967, 2619, 36, 1.07),
(15968, 2619, 50, 0.79),
(15969, 2620, 7, 1.19),
(15970, 2620, 8, 1.13),
(15971, 2620, 23, 0.61),
(15972, 2620, 24, 1.19),
(15973, 2620, 34, 0.86),
(15974, 2620, 37, 1.13),
(15975, 2620, 50, 0.79),
(15976, 2621, 3, 1.19),
(15977, 2621, 10, 0.89),
(15978, 2621, 24, 1.19),
(15979, 2621, 28, 0.69),
(15980, 2621, 37, 1.13),
(15981, 2621, 45, 0.82),
(15982, 2621, 52, 0.89),
(15983, 2622, 5, 0.97),
(15984, 2622, 10, 0.89),
(15985, 2622, 27, 0.67),
(15986, 2622, 28, 0.69),
(15987, 2622, 32, 0.71),
(15988, 2622, 45, 0.82),
(15989, 2622, 55, 0.93),
(15990, 2623, 9, 1.26),
(15991, 2623, 12, 0.71),
(15992, 2623, 23, 0.61),
(15993, 2623, 24, 1.19),
(15994, 2623, 29, 0.74),
(15995, 2623, 32, 0.71),
(15996, 2623, 36, 1.07),
(15997, 2624, 9, 1.26),
(15998, 2624, 12, 0.71),
(15999, 2624, 23, 0.61),
(16000, 2624, 24, 1.19),
(16001, 2624, 28, 0.69),
(16002, 2624, 30, 1.34),
(16003, 2624, 54, 0.86),
(16004, 2625, 10, 0.89),
(16005, 2625, 16, 0.86),
(16006, 2625, 29, 0.74),
(16007, 2625, 36, 1.07),
(16008, 2625, 45, 0.82),
(16009, 2625, 52, 0.89),
(16010, 2625, 55, 0.93),
(16011, 2626, 10, 0.89),
(16012, 2626, 12, 0.71),
(16013, 2626, 17, 1.07),
(16014, 2626, 25, 1.02),
(16015, 2626, 37, 1.13),
(16016, 2626, 41, 0.61),
(16017, 2626, 45, 0.82),
(16018, 2627, 9, 1.26),
(16019, 2627, 22, 1.07),
(16020, 2627, 23, 0.61),
(16021, 2627, 27, 0.67),
(16022, 2627, 30, 1.34),
(16023, 2627, 50, 0.79),
(16024, 2627, 54, 0.86),
(16025, 2628, 8, 1.13),
(16026, 2628, 28, 0.69),
(16027, 2628, 34, 0.86),
(16028, 2628, 38, 1.43),
(16029, 2628, 45, 0.82),
(16030, 2628, 50, 0.79),
(16031, 2628, 54, 0.86),
(16032, 2629, 12, 0.71),
(16033, 2629, 16, 0.86),
(16034, 2629, 23, 0.61),
(16035, 2629, 28, 0.69),
(16036, 2629, 29, 0.74),
(16037, 2629, 32, 0.71),
(16038, 2629, 53, 0.56),
(16039, 2630, 2, 1.07),
(16040, 2630, 5, 0.97),
(16041, 2630, 23, 0.61),
(16042, 2630, 30, 1.34),
(16043, 2630, 36, 1.07),
(16044, 2630, 53, 0.56),
(16045, 2630, 55, 0.93),
(16046, 2631, 9, 1.26),
(16047, 2631, 27, 0.67),
(16048, 2631, 28, 0.69),
(16049, 2631, 34, 0.86),
(16050, 2631, 38, 1.43),
(16051, 2631, 45, 0.82),
(16052, 2631, 52, 0.89),
(16053, 2632, 3, 1.19),
(16054, 2632, 10, 0.89),
(16055, 2632, 17, 1.07),
(16056, 2632, 25, 1.02),
(16057, 2632, 27, 0.67),
(16058, 2632, 29, 0.74),
(16059, 2632, 37, 1.13),
(16060, 2633, 12, 0.71),
(16061, 2633, 24, 1.19),
(16062, 2633, 30, 1.34),
(16063, 2633, 41, 0.61),
(16064, 2633, 50, 0.79),
(16065, 2633, 53, 0.56),
(16066, 2633, 55, 0.93),
(16067, 2634, 3, 1.19),
(16068, 2634, 5, 0.97),
(16069, 2634, 16, 0.86),
(16070, 2634, 18, 0.71),
(16071, 2634, 22, 1.07),
(16072, 2634, 24, 1.19),
(16073, 2634, 53, 0.56),
(16074, 2635, 3, 1.19),
(16075, 2635, 18, 0.71),
(16076, 2635, 19, 0.86),
(16077, 2635, 20, 1.13),
(16078, 2635, 30, 1.34),
(16079, 2635, 32, 0.71),
(16080, 2635, 37, 1.13),
(16081, 2636, 9, 1.26),
(16082, 2636, 19, 0.86),
(16083, 2636, 22, 1.07),
(16084, 2636, 34, 0.86),
(16085, 2636, 37, 1.13),
(16086, 2636, 45, 0.82),
(16087, 2636, 55, 0.93),
(16088, 2637, 2, 1.07),
(16089, 2637, 8, 1.13),
(16090, 2637, 19, 0.86),
(16091, 2637, 28, 0.69),
(16092, 2637, 30, 1.34),
(16093, 2637, 32, 0.71),
(16094, 2637, 36, 1.07),
(16095, 2638, 18, 0.71),
(16096, 2638, 19, 0.86),
(16097, 2638, 24, 1.19),
(16098, 2638, 25, 1.02),
(16099, 2638, 50, 0.79),
(16100, 2638, 53, 0.56),
(16101, 2638, 55, 0.93),
(16102, 2639, 20, 1.13),
(16103, 2639, 24, 1.19),
(16104, 2639, 34, 0.86),
(16105, 2639, 45, 0.82),
(16106, 2639, 52, 0.89),
(16107, 2639, 53, 0.56),
(16108, 2639, 55, 0.93),
(16109, 2640, 5, 0.97),
(16110, 2640, 17, 1.07),
(16111, 2640, 28, 0.69),
(16112, 2640, 32, 0.71),
(16113, 2640, 38, 1.43),
(16114, 2640, 41, 0.61),
(16115, 2640, 55, 0.93),
(16116, 2641, 2, 1.07),
(16117, 2641, 8, 1.13),
(16118, 2641, 19, 0.86),
(16119, 2641, 22, 1.07),
(16120, 2641, 30, 1.34),
(16121, 2641, 32, 0.71),
(16122, 2641, 37, 1.13),
(16123, 2642, 8, 1.13),
(16124, 2642, 18, 0.71),
(16125, 2642, 19, 0.86),
(16126, 2642, 41, 0.61),
(16127, 2642, 45, 0.82),
(16128, 2642, 53, 0.56),
(16129, 2642, 55, 0.93),
(16130, 2643, 8, 1.13),
(16131, 2643, 19, 0.86),
(16132, 2643, 24, 1.19),
(16133, 2643, 29, 0.74),
(16134, 2643, 37, 1.13),
(16135, 2643, 45, 0.82),
(16136, 2643, 55, 0.93),
(16137, 2644, 10, 0.89),
(16138, 2644, 27, 0.67),
(16139, 2644, 28, 0.69),
(16140, 2644, 29, 0.74),
(16141, 2644, 32, 0.71),
(16142, 2644, 36, 1.07),
(16143, 2644, 45, 0.82),
(16144, 2645, 2, 1.07),
(16145, 2645, 8, 1.13),
(16146, 2645, 10, 0.89),
(16147, 2645, 18, 0.71),
(16148, 2645, 19, 0.86),
(16149, 2645, 22, 1.07),
(16150, 2645, 24, 1.19),
(16151, 2646, 7, 1.19),
(16152, 2646, 9, 1.26),
(16153, 2646, 16, 0.86),
(16154, 2646, 23, 0.61),
(16155, 2646, 27, 0.67),
(16156, 2646, 45, 0.82),
(16157, 2646, 54, 0.86),
(16158, 2647, 9, 1.26),
(16159, 2647, 12, 0.71),
(16160, 2647, 16, 0.86),
(16161, 2647, 22, 1.07),
(16162, 2647, 32, 0.71),
(16163, 2647, 41, 0.61),
(16164, 2647, 52, 0.89),
(16165, 2648, 5, 0.97),
(16166, 2648, 7, 1.19),
(16167, 2648, 23, 0.61),
(16168, 2648, 27, 0.67),
(16169, 2648, 32, 0.71),
(16170, 2648, 50, 0.79),
(16171, 2648, 55, 0.93),
(16172, 2649, 7, 1.19),
(16173, 2649, 20, 1.13),
(16174, 2649, 24, 1.19),
(16175, 2649, 34, 0.86),
(16176, 2649, 50, 0.79),
(16177, 2649, 53, 0.56),
(16178, 2649, 54, 0.86),
(16179, 2650, 2, 1.07),
(16180, 2650, 16, 0.86),
(16181, 2650, 18, 0.71),
(16182, 2650, 19, 0.86),
(16183, 2650, 24, 1.19),
(16184, 2650, 53, 0.56),
(16185, 2650, 55, 0.93),
(16186, 2651, 2, 1.25),
(16187, 2651, 12, 0.83),
(16188, 2651, 16, 1.00),
(16189, 2651, 20, 1.32),
(16190, 2651, 29, 0.86),
(16191, 2651, 30, 1.56),
(16192, 2651, 32, 0.83),
(16193, 2651, 36, 1.25),
(16194, 2651, 38, 1.67),
(16195, 2651, 54, 1.00),
(16196, 2652, 5, 1.14),
(16197, 2652, 8, 1.32),
(16198, 2652, 9, 1.47),
(16199, 2652, 12, 0.83),
(16200, 2652, 32, 0.83),
(16201, 2652, 34, 1.00),
(16202, 2652, 38, 1.67),
(16203, 2652, 41, 0.71),
(16204, 2652, 52, 1.04),
(16205, 2652, 53, 0.66),
(16206, 2653, 8, 1.32),
(16207, 2653, 10, 1.04),
(16208, 2653, 17, 1.25),
(16209, 2653, 19, 1.00),
(16210, 2653, 23, 0.71),
(16211, 2653, 25, 1.19),
(16212, 2653, 27, 0.78),
(16213, 2653, 32, 0.83),
(16214, 2653, 36, 1.25),
(16215, 2653, 38, 1.67),
(16216, 2654, 5, 1.14),
(16217, 2654, 8, 1.32),
(16218, 2654, 18, 0.83),
(16219, 2654, 19, 1.00),
(16220, 2654, 23, 0.71),
(16221, 2654, 28, 0.81),
(16222, 2654, 34, 1.00),
(16223, 2654, 36, 1.25),
(16224, 2654, 38, 1.67),
(16225, 2654, 53, 0.66),
(16226, 2655, 7, 1.39),
(16227, 2655, 16, 1.00),
(16228, 2655, 18, 0.83),
(16229, 2655, 20, 1.32),
(16230, 2655, 28, 0.81),
(16231, 2655, 30, 1.56),
(16232, 2655, 32, 0.83),
(16233, 2655, 52, 1.04),
(16234, 2655, 53, 0.66),
(16235, 2655, 55, 1.09),
(16236, 2656, 12, 0.83),
(16237, 2656, 18, 0.83),
(16238, 2656, 19, 1.00),
(16239, 2656, 20, 1.32),
(16240, 2656, 25, 1.19),
(16241, 2656, 28, 0.81),
(16242, 2656, 30, 1.56),
(16243, 2656, 37, 1.32),
(16244, 2656, 38, 1.67),
(16245, 2656, 50, 0.93),
(16246, 2657, 3, 1.39),
(16247, 2657, 5, 1.14),
(16248, 2657, 12, 0.83),
(16249, 2657, 16, 1.00),
(16250, 2657, 18, 0.83),
(16251, 2657, 29, 0.86),
(16252, 2657, 34, 1.00),
(16253, 2657, 37, 1.32),
(16254, 2657, 38, 1.67),
(16255, 2657, 52, 1.04),
(16256, 2658, 2, 1.25),
(16257, 2658, 7, 1.39),
(16258, 2658, 12, 0.83),
(16259, 2658, 17, 1.25),
(16260, 2658, 18, 0.83),
(16261, 2658, 19, 1.00),
(16262, 2658, 27, 0.78),
(16263, 2658, 32, 0.83),
(16264, 2658, 41, 0.71),
(16265, 2658, 45, 0.96),
(16266, 2659, 3, 1.39),
(16267, 2659, 5, 1.14),
(16268, 2659, 8, 1.32),
(16269, 2659, 22, 1.25),
(16270, 2659, 23, 0.71),
(16271, 2659, 24, 1.39),
(16272, 2659, 36, 1.25),
(16273, 2659, 37, 1.32),
(16274, 2659, 50, 0.93),
(16275, 2659, 54, 1.00),
(16276, 2660, 7, 1.39),
(16277, 2660, 18, 0.83),
(16278, 2660, 20, 1.32),
(16279, 2660, 22, 1.25),
(16280, 2660, 23, 0.71),
(16281, 2660, 25, 1.19),
(16282, 2660, 29, 0.86),
(16283, 2660, 37, 1.32),
(16284, 2660, 45, 0.96),
(16285, 2660, 52, 1.04),
(16286, 2661, 7, 1.39),
(16287, 2661, 10, 1.04),
(16288, 2661, 18, 0.83),
(16289, 2661, 20, 1.32),
(16290, 2661, 23, 0.71),
(16291, 2661, 25, 1.19),
(16292, 2661, 28, 0.81),
(16293, 2661, 30, 1.56),
(16294, 2661, 32, 0.83),
(16295, 2661, 36, 1.25),
(16296, 2662, 2, 1.25),
(16297, 2662, 17, 1.25),
(16298, 2662, 28, 0.81),
(16299, 2662, 30, 1.56),
(16300, 2662, 38, 1.67),
(16301, 2662, 41, 0.71),
(16302, 2662, 45, 0.96),
(16303, 2662, 50, 0.93),
(16304, 2662, 54, 1.00),
(16305, 2662, 55, 1.09),
(16306, 2663, 12, 0.83),
(16307, 2663, 17, 1.25),
(16308, 2663, 24, 1.39),
(16309, 2663, 25, 1.19),
(16310, 2663, 28, 0.81),
(16311, 2663, 29, 0.86),
(16312, 2663, 34, 1.00),
(16313, 2663, 38, 1.67),
(16314, 2663, 45, 0.96),
(16315, 2663, 54, 1.00),
(16316, 2664, 5, 1.14),
(16317, 2664, 17, 1.25),
(16318, 2664, 18, 0.83),
(16319, 2664, 19, 1.00),
(16320, 2664, 23, 0.71),
(16321, 2664, 28, 0.81),
(16322, 2664, 30, 1.56),
(16323, 2664, 34, 1.00),
(16324, 2664, 37, 1.32),
(16325, 2664, 52, 1.04),
(16326, 2665, 2, 1.25),
(16327, 2665, 7, 1.39),
(16328, 2665, 9, 1.47),
(16329, 2665, 10, 1.04),
(16330, 2665, 23, 0.71),
(16331, 2665, 32, 0.83),
(16332, 2665, 34, 1.00),
(16333, 2665, 36, 1.25),
(16334, 2665, 50, 0.93),
(16335, 2665, 53, 0.66),
(16336, 2666, 2, 1.25),
(16337, 2666, 3, 1.39),
(16338, 2666, 7, 1.39),
(16339, 2666, 17, 1.25),
(16340, 2666, 23, 0.71),
(16341, 2666, 25, 1.19),
(16342, 2666, 28, 0.81),
(16343, 2666, 38, 1.67),
(16344, 2666, 53, 0.66),
(16345, 2666, 54, 1.00),
(16346, 2667, 7, 1.39),
(16347, 2667, 9, 1.47),
(16348, 2667, 19, 1.00),
(16349, 2667, 20, 1.32),
(16350, 2667, 23, 0.71),
(16351, 2667, 30, 1.56),
(16352, 2667, 32, 0.83),
(16353, 2667, 41, 0.71),
(16354, 2667, 45, 0.96),
(16355, 2667, 55, 1.09),
(16356, 2668, 2, 1.25),
(16357, 2668, 9, 1.47),
(16358, 2668, 12, 0.83),
(16359, 2668, 18, 0.83),
(16360, 2668, 20, 1.32),
(16361, 2668, 22, 1.25),
(16362, 2668, 27, 0.78),
(16363, 2668, 29, 0.86),
(16364, 2668, 34, 1.00),
(16365, 2668, 37, 1.32),
(16366, 2669, 3, 1.39),
(16367, 2669, 16, 1.00),
(16368, 2669, 17, 1.25),
(16369, 2669, 22, 1.25),
(16370, 2669, 24, 1.39),
(16371, 2669, 36, 1.25),
(16372, 2669, 37, 1.32),
(16373, 2669, 41, 0.71),
(16374, 2669, 45, 0.96),
(16375, 2669, 54, 1.00),
(16376, 2670, 3, 1.39),
(16377, 2670, 8, 1.32),
(16378, 2670, 17, 1.25),
(16379, 2670, 22, 1.25),
(16380, 2670, 28, 0.81),
(16381, 2670, 29, 0.86),
(16382, 2670, 30, 1.56),
(16383, 2670, 37, 1.32),
(16384, 2670, 38, 1.67),
(16385, 2670, 54, 1.00),
(16386, 2671, 12, 0.83),
(16387, 2671, 19, 1.00),
(16388, 2671, 22, 1.25),
(16389, 2671, 25, 1.19),
(16390, 2671, 27, 0.78),
(16391, 2671, 34, 1.00),
(16392, 2671, 37, 1.32),
(16393, 2671, 38, 1.67),
(16394, 2671, 41, 0.71),
(16395, 2671, 53, 0.66),
(16396, 2672, 3, 1.39),
(16397, 2672, 5, 1.14),
(16398, 2672, 10, 1.04),
(16399, 2672, 19, 1.00),
(16400, 2672, 22, 1.25),
(16401, 2672, 24, 1.39),
(16402, 2672, 27, 0.78),
(16403, 2672, 34, 1.00),
(16404, 2672, 41, 0.71),
(16405, 2672, 50, 0.93),
(16406, 2673, 2, 1.25),
(16407, 2673, 7, 1.39),
(16408, 2673, 10, 1.04),
(16409, 2673, 12, 0.83),
(16410, 2673, 16, 1.00),
(16411, 2673, 25, 1.19),
(16412, 2673, 27, 0.78),
(16413, 2673, 34, 1.00),
(16414, 2673, 45, 0.96),
(16415, 2673, 54, 1.00),
(16416, 2674, 7, 1.39),
(16417, 2674, 10, 1.04),
(16418, 2674, 19, 1.00),
(16419, 2674, 20, 1.32),
(16420, 2674, 23, 0.71),
(16421, 2674, 25, 1.19),
(16422, 2674, 29, 0.86),
(16423, 2674, 32, 0.83),
(16424, 2674, 34, 1.00),
(16425, 2674, 41, 0.71),
(16426, 2675, 8, 1.32),
(16427, 2675, 12, 0.83),
(16428, 2675, 17, 1.25),
(16429, 2675, 18, 0.83),
(16430, 2675, 29, 0.86),
(16431, 2675, 30, 1.56),
(16432, 2675, 36, 1.25),
(16433, 2675, 37, 1.32),
(16434, 2675, 38, 1.67),
(16435, 2675, 45, 0.96),
(16436, 2676, 2, 1.25),
(16437, 2676, 5, 1.14),
(16438, 2676, 8, 1.32),
(16439, 2676, 18, 0.83),
(16440, 2676, 28, 0.81),
(16441, 2676, 32, 0.83),
(16442, 2676, 34, 1.00),
(16443, 2676, 38, 1.67),
(16444, 2676, 50, 0.93),
(16445, 2676, 52, 1.04),
(16446, 2677, 2, 1.25),
(16447, 2677, 10, 1.04),
(16448, 2677, 16, 1.00),
(16449, 2677, 19, 1.00),
(16450, 2677, 23, 0.71),
(16451, 2677, 25, 1.19),
(16452, 2677, 37, 1.32),
(16453, 2677, 41, 0.71),
(16454, 2677, 50, 0.93),
(16455, 2677, 55, 1.09),
(16456, 2678, 2, 1.25),
(16457, 2678, 7, 1.39),
(16458, 2678, 12, 0.83),
(16459, 2678, 23, 0.71),
(16460, 2678, 27, 0.78),
(16461, 2678, 38, 1.67),
(16462, 2678, 41, 0.71),
(16463, 2678, 52, 1.04),
(16464, 2678, 54, 1.00),
(16465, 2678, 55, 1.09),
(16466, 2679, 2, 1.25),
(16467, 2679, 7, 1.39),
(16468, 2679, 8, 1.32),
(16469, 2679, 16, 1.00),
(16470, 2679, 22, 1.25),
(16471, 2679, 27, 0.78),
(16472, 2679, 34, 1.00),
(16473, 2679, 37, 1.32),
(16474, 2679, 41, 0.71),
(16475, 2679, 54, 1.00),
(16476, 2680, 5, 1.14),
(16477, 2680, 8, 1.32),
(16478, 2680, 20, 1.32),
(16479, 2680, 23, 0.71),
(16480, 2680, 27, 0.78),
(16481, 2680, 30, 1.56),
(16482, 2680, 34, 1.00),
(16483, 2680, 38, 1.67),
(16484, 2680, 50, 0.93),
(16485, 2680, 53, 0.66),
(16486, 2681, 3, 1.39),
(16487, 2681, 7, 1.39),
(16488, 2681, 8, 1.32),
(16489, 2681, 9, 1.47),
(16490, 2681, 25, 1.19),
(16491, 2681, 32, 0.83),
(16492, 2681, 41, 0.71),
(16493, 2681, 52, 1.04),
(16494, 2681, 53, 0.66),
(16495, 2681, 54, 1.00),
(16496, 2682, 5, 1.14),
(16497, 2682, 7, 1.39),
(16498, 2682, 9, 1.47),
(16499, 2682, 18, 0.83),
(16500, 2682, 19, 1.00),
(16501, 2682, 20, 1.32),
(16502, 2682, 22, 1.25),
(16503, 2682, 24, 1.39),
(16504, 2682, 25, 1.19),
(16505, 2682, 30, 1.56),
(16506, 2683, 2, 1.25),
(16507, 2683, 5, 1.14),
(16508, 2683, 7, 1.39),
(16509, 2683, 8, 1.32),
(16510, 2683, 22, 1.25),
(16511, 2683, 37, 1.32),
(16512, 2683, 38, 1.67),
(16513, 2683, 50, 0.93),
(16514, 2683, 53, 0.66),
(16515, 2683, 55, 1.09),
(16516, 2684, 2, 1.25),
(16517, 2684, 7, 1.39),
(16518, 2684, 8, 1.32),
(16519, 2684, 23, 0.71),
(16520, 2684, 25, 1.19),
(16521, 2684, 29, 0.86),
(16522, 2684, 32, 0.83),
(16523, 2684, 37, 1.32),
(16524, 2684, 41, 0.71),
(16525, 2684, 54, 1.00),
(16526, 2685, 2, 1.25),
(16527, 2685, 5, 1.14),
(16528, 2685, 8, 1.32),
(16529, 2685, 9, 1.47),
(16530, 2685, 16, 1.00),
(16531, 2685, 17, 1.25),
(16532, 2685, 24, 1.39),
(16533, 2685, 32, 0.83),
(16534, 2685, 53, 0.66),
(16535, 2685, 54, 1.00),
(16536, 2686, 3, 1.39),
(16537, 2686, 5, 1.14),
(16538, 2686, 7, 1.39),
(16539, 2686, 8, 1.32),
(16540, 2686, 20, 1.32),
(16541, 2686, 22, 1.25),
(16542, 2686, 29, 0.86),
(16543, 2686, 32, 0.83),
(16544, 2686, 37, 1.32),
(16545, 2686, 52, 1.04),
(16546, 2687, 7, 1.39),
(16547, 2687, 9, 1.47),
(16548, 2687, 20, 1.32),
(16549, 2687, 24, 1.39),
(16550, 2687, 27, 0.78),
(16551, 2687, 29, 0.86),
(16552, 2687, 37, 1.32),
(16553, 2687, 41, 0.71),
(16554, 2687, 50, 0.93),
(16555, 2687, 52, 1.04),
(16556, 2688, 8, 1.32),
(16557, 2688, 20, 1.32),
(16558, 2688, 22, 1.25),
(16559, 2688, 27, 0.78),
(16560, 2688, 28, 0.81),
(16561, 2688, 38, 1.67),
(16562, 2688, 52, 1.04),
(16563, 2688, 53, 0.66),
(16564, 2688, 54, 1.00),
(16565, 2688, 55, 1.09),
(16566, 2689, 5, 1.14),
(16567, 2689, 7, 1.39),
(16568, 2689, 8, 1.32),
(16569, 2689, 18, 0.83),
(16570, 2689, 20, 1.32),
(16571, 2689, 28, 0.81),
(16572, 2689, 34, 1.00),
(16573, 2689, 41, 0.71),
(16574, 2689, 45, 0.96),
(16575, 2689, 52, 1.04),
(16576, 2690, 5, 1.14),
(16577, 2690, 8, 1.32),
(16578, 2690, 9, 1.47),
(16579, 2690, 12, 0.83),
(16580, 2690, 17, 1.25),
(16581, 2690, 20, 1.32),
(16582, 2690, 28, 0.81),
(16583, 2690, 38, 1.67),
(16584, 2690, 45, 0.96),
(16585, 2690, 53, 0.66),
(16586, 2691, 2, 1.25),
(16587, 2691, 5, 1.14),
(16588, 2691, 9, 1.47),
(16589, 2691, 16, 1.00),
(16590, 2691, 17, 1.25),
(16591, 2691, 18, 0.83),
(16592, 2691, 23, 0.71),
(16593, 2691, 29, 0.86),
(16594, 2691, 34, 1.00),
(16595, 2691, 36, 1.25),
(16596, 2692, 9, 1.47),
(16597, 2692, 16, 1.00),
(16598, 2692, 17, 1.25),
(16599, 2692, 19, 1.00),
(16600, 2692, 20, 1.32),
(16601, 2692, 22, 1.25),
(16602, 2692, 25, 1.19),
(16603, 2692, 28, 0.81),
(16604, 2692, 36, 1.25),
(16605, 2692, 53, 0.66),
(16606, 2693, 7, 1.39),
(16607, 2693, 8, 1.32),
(16608, 2693, 10, 1.04),
(16609, 2693, 25, 1.19),
(16610, 2693, 28, 0.81),
(16611, 2693, 32, 0.83),
(16612, 2693, 34, 1.00),
(16613, 2693, 38, 1.67),
(16614, 2693, 50, 0.93),
(16615, 2693, 53, 0.66),
(16616, 2694, 2, 1.25),
(16617, 2694, 3, 1.39),
(16618, 2694, 8, 1.32),
(16619, 2694, 10, 1.04),
(16620, 2694, 12, 0.83),
(16621, 2694, 17, 1.25),
(16622, 2694, 20, 1.32),
(16623, 2694, 22, 1.25),
(16624, 2694, 24, 1.39),
(16625, 2694, 41, 0.71),
(16626, 2695, 2, 1.25),
(16627, 2695, 7, 1.39),
(16628, 2695, 12, 0.83),
(16629, 2695, 20, 1.32),
(16630, 2695, 22, 1.25),
(16631, 2695, 24, 1.39),
(16632, 2695, 30, 1.56),
(16633, 2695, 32, 0.83),
(16634, 2695, 34, 1.00),
(16635, 2695, 38, 1.67),
(16636, 2696, 2, 1.25),
(16637, 2696, 5, 1.14),
(16638, 2696, 9, 1.47),
(16639, 2696, 12, 0.83),
(16640, 2696, 23, 0.71),
(16641, 2696, 24, 1.39),
(16642, 2696, 28, 0.81),
(16643, 2696, 30, 1.56),
(16644, 2696, 52, 1.04),
(16645, 2696, 54, 1.00),
(16646, 2697, 8, 1.32),
(16647, 2697, 9, 1.47),
(16648, 2697, 10, 1.04),
(16649, 2697, 19, 1.00),
(16650, 2697, 24, 1.39),
(16651, 2697, 28, 0.81),
(16652, 2697, 30, 1.56),
(16653, 2697, 32, 0.83),
(16654, 2697, 36, 1.25),
(16655, 2697, 50, 0.93),
(16656, 2698, 2, 1.25),
(16657, 2698, 7, 1.39),
(16658, 2698, 20, 1.32),
(16659, 2698, 23, 0.71),
(16660, 2698, 24, 1.39),
(16661, 2698, 29, 0.86),
(16662, 2698, 50, 0.93),
(16663, 2698, 52, 1.04),
(16664, 2698, 53, 0.66),
(16665, 2698, 54, 1.00),
(16666, 2699, 3, 1.39),
(16667, 2699, 10, 1.04),
(16668, 2699, 23, 0.71),
(16669, 2699, 28, 0.81),
(16670, 2699, 32, 0.83),
(16671, 2699, 37, 1.32),
(16672, 2699, 38, 1.67),
(16673, 2699, 52, 1.04),
(16674, 2699, 53, 0.66),
(16675, 2699, 54, 1.00),
(16676, 2700, 3, 1.39),
(16677, 2700, 10, 1.04),
(16678, 2700, 18, 0.83),
(16679, 2700, 19, 1.00),
(16680, 2700, 32, 0.83),
(16681, 2700, 36, 1.25),
(16682, 2700, 37, 1.32),
(16683, 2700, 41, 0.71),
(16684, 2700, 45, 0.96),
(16685, 2700, 52, 1.04),
(16686, 2701, 2, 0.70),
(16687, 2701, 22, 0.73),
(16688, 2701, 40, 0.84),
(16689, 2701, 49, 0.90),
(16690, 2701, 51, 0.91),
(16691, 2702, 12, 0.47),
(16692, 2702, 27, 0.45),
(16693, 2702, 39, 0.61),
(16694, 2702, 40, 0.90),
(16695, 2702, 47, 0.96),
(16696, 2703, 14, 0.50),
(16697, 2703, 15, 0.66),
(16698, 2703, 39, 0.61),
(16699, 2703, 40, 0.90),
(16700, 2703, 49, 1.01),
(16701, 2704, 28, 0.45),
(16702, 2704, 31, 0.60),
(16703, 2704, 39, 0.61),
(16704, 2704, 47, 0.85),
(16705, 2704, 49, 1.01),
(16706, 2705, 2, 0.70),
(16707, 2705, 27, 0.45),
(16708, 2705, 40, 0.84),
(16709, 2705, 49, 0.90),
(16710, 2705, 51, 0.91),
(16711, 2706, 2, 0.70),
(16712, 2706, 35, 0.66),
(16713, 2706, 39, 0.61),
(16714, 2706, 40, 0.90),
(16715, 2706, 47, 0.96),
(16716, 2707, 15, 0.64),
(16717, 2707, 27, 0.45),
(16718, 2707, 40, 0.84),
(16719, 2707, 47, 0.85),
(16720, 2707, 49, 1.01),
(16721, 2708, 12, 0.47),
(16722, 2708, 14, 0.52),
(16723, 2708, 27, 0.47),
(16724, 2708, 31, 0.67),
(16725, 2708, 43, 0.65),
(16726, 2709, 31, 0.58),
(16727, 2709, 35, 0.66),
(16728, 2709, 43, 0.54),
(16729, 2709, 44, 0.52),
(16730, 2709, 51, 0.91),
(16731, 2710, 2, 0.70),
(16732, 2710, 15, 0.66),
(16733, 2710, 28, 0.49),
(16734, 2710, 44, 0.52),
(16735, 2710, 49, 1.01),
(16736, 2711, 21, 0.61),
(16737, 2711, 27, 0.45),
(16738, 2711, 29, 0.52),
(16739, 2711, 43, 0.58),
(16740, 2711, 51, 0.91),
(16741, 2712, 15, 0.64),
(16742, 2712, 27, 0.45),
(16743, 2712, 35, 0.69),
(16744, 2712, 39, 0.65),
(16745, 2712, 47, 0.96),
(16746, 2713, 14, 0.50),
(16747, 2713, 21, 0.63),
(16748, 2713, 22, 0.76),
(16749, 2713, 28, 0.52),
(16750, 2713, 51, 0.91),
(16751, 2714, 14, 0.50),
(16752, 2714, 15, 0.66),
(16753, 2714, 27, 0.47),
(16754, 2714, 39, 0.65),
(16755, 2714, 43, 0.65),
(16756, 2715, 22, 0.70),
(16757, 2715, 35, 0.66),
(16758, 2715, 43, 0.54),
(16759, 2715, 49, 0.90),
(16760, 2715, 51, 0.91),
(16761, 2716, 20, 0.74),
(16762, 2716, 28, 0.47),
(16763, 2716, 31, 0.63),
(16764, 2716, 49, 0.90),
(16765, 2716, 51, 0.91),
(16766, 2717, 14, 0.50),
(16767, 2717, 20, 0.76),
(16768, 2717, 28, 0.49),
(16769, 2717, 35, 0.73),
(16770, 2717, 40, 1.01),
(16771, 2718, 12, 0.47),
(16772, 2718, 14, 0.52),
(16773, 2718, 22, 0.76),
(16774, 2718, 35, 0.73),
(16775, 2718, 49, 1.01),
(16776, 2719, 28, 0.45),
(16777, 2719, 31, 0.60),
(16778, 2719, 39, 0.61),
(16779, 2719, 44, 0.52),
(16780, 2719, 49, 1.01),
(16781, 2720, 12, 0.47),
(16782, 2720, 14, 0.52),
(16783, 2720, 15, 0.69),
(16784, 2720, 20, 0.85),
(16785, 2720, 31, 0.76),
(16786, 2721, 2, 1.07),
(16787, 2721, 12, 0.73),
(16788, 2721, 27, 0.69),
(16789, 2721, 28, 0.73),
(16790, 2721, 40, 1.30),
(16791, 2721, 47, 1.28),
(16792, 2721, 51, 1.32),
(16793, 2722, 15, 0.97),
(16794, 2722, 21, 0.95),
(16795, 2722, 39, 0.89),
(16796, 2722, 40, 1.26),
(16797, 2722, 43, 0.83),
(16798, 2722, 47, 1.28),
(16799, 2722, 51, 1.32),
(16800, 2723, 12, 0.71),
(16801, 2723, 14, 0.78),
(16802, 2723, 28, 0.71),
(16803, 2723, 31, 0.94),
(16804, 2723, 39, 0.93),
(16805, 2723, 44, 0.78),
(16806, 2723, 47, 1.39),
(16807, 2724, 2, 1.07),
(16808, 2724, 21, 0.95),
(16809, 2724, 27, 0.69),
(16810, 2724, 35, 1.03),
(16811, 2724, 40, 1.30),
(16812, 2724, 43, 0.87),
(16813, 2724, 51, 1.32),
(16814, 2725, 2, 1.07),
(16815, 2725, 21, 0.95),
(16816, 2725, 22, 1.11),
(16817, 2725, 27, 0.71),
(16818, 2725, 28, 0.75),
(16819, 2725, 44, 0.78),
(16820, 2725, 47, 1.39),
(16821, 2726, 2, 1.07),
(16822, 2726, 12, 0.73),
(16823, 2726, 15, 1.01),
(16824, 2726, 27, 0.71),
(16825, 2726, 43, 0.83),
(16826, 2726, 47, 1.28),
(16827, 2726, 49, 1.46),
(16828, 2727, 2, 1.07),
(16829, 2727, 12, 0.73),
(16830, 2727, 14, 0.79),
(16831, 2727, 15, 1.03),
(16832, 2727, 29, 0.80),
(16833, 2727, 40, 1.35),
(16834, 2727, 51, 1.32),
(16835, 2728, 12, 0.71),
(16836, 2728, 15, 0.99),
(16837, 2728, 21, 0.96),
(16838, 2728, 27, 0.71),
(16839, 2728, 39, 0.93),
(16840, 2728, 40, 1.35),
(16841, 2728, 43, 0.94),
(16842, 2729, 20, 1.13),
(16843, 2729, 22, 1.09),
(16844, 2729, 27, 0.69),
(16845, 2729, 29, 0.78),
(16846, 2729, 35, 1.06),
(16847, 2729, 47, 1.28),
(16848, 2729, 49, 1.46),
(16849, 2730, 15, 0.97),
(16850, 2730, 21, 0.95),
(16851, 2730, 22, 1.11),
(16852, 2730, 28, 0.73),
(16853, 2730, 29, 0.80),
(16854, 2730, 39, 0.97),
(16855, 2730, 43, 0.94),
(16856, 2731, 14, 0.77),
(16857, 2731, 20, 1.15),
(16858, 2731, 21, 0.96),
(16859, 2731, 27, 0.71),
(16860, 2731, 31, 0.97),
(16861, 2731, 40, 1.35),
(16862, 2731, 49, 1.46),
(16863, 2732, 2, 1.07),
(16864, 2732, 20, 1.15),
(16865, 2732, 22, 1.11),
(16866, 2732, 28, 0.73),
(16867, 2732, 44, 0.75),
(16868, 2732, 47, 1.28),
(16869, 2732, 51, 1.32),
(16870, 2733, 2, 1.07),
(16871, 2733, 20, 1.15),
(16872, 2733, 22, 1.11),
(16873, 2733, 27, 0.71),
(16874, 2733, 35, 1.06),
(16875, 2733, 39, 0.97),
(16876, 2733, 43, 0.94),
(16877, 2734, 14, 0.77),
(16878, 2734, 20, 1.15),
(16879, 2734, 27, 0.69),
(16880, 2734, 31, 0.94),
(16881, 2734, 39, 0.93),
(16882, 2734, 43, 0.87),
(16883, 2734, 44, 0.85),
(16884, 2735, 21, 0.93),
(16885, 2735, 22, 1.09),
(16886, 2735, 27, 0.69),
(16887, 2735, 29, 0.78),
(16888, 2735, 40, 1.30),
(16889, 2735, 47, 1.28),
(16890, 2735, 51, 1.32),
(16891, 2736, 14, 0.77),
(16892, 2736, 20, 1.15),
(16893, 2736, 27, 0.69),
(16894, 2736, 29, 0.78),
(16895, 2736, 31, 0.97),
(16896, 2736, 40, 1.35),
(16897, 2736, 43, 0.94),
(16898, 2737, 12, 0.71),
(16899, 2737, 14, 0.78),
(16900, 2737, 29, 0.76),
(16901, 2737, 35, 1.03),
(16902, 2737, 43, 0.83),
(16903, 2737, 47, 1.28),
(16904, 2737, 51, 1.32),
(16905, 2738, 12, 0.71),
(16906, 2738, 15, 0.99),
(16907, 2738, 27, 0.69),
(16908, 2738, 39, 0.91),
(16909, 2738, 40, 1.30),
(16910, 2738, 47, 1.28),
(16911, 2738, 51, 1.32),
(16912, 2739, 2, 1.07),
(16913, 2739, 12, 0.73),
(16914, 2739, 14, 0.79),
(16915, 2739, 22, 1.13),
(16916, 2739, 27, 0.73),
(16917, 2739, 28, 0.78),
(16918, 2739, 43, 0.94),
(16919, 2740, 2, 1.07),
(16920, 2740, 12, 0.73),
(16921, 2740, 14, 0.79),
(16922, 2740, 15, 1.03),
(16923, 2740, 28, 0.75),
(16924, 2740, 29, 0.84),
(16925, 2740, 51, 1.32),
(16926, 2741, 14, 0.89),
(16927, 2741, 15, 1.15),
(16928, 2741, 20, 1.34),
(16929, 2741, 22, 1.29),
(16930, 2741, 27, 0.82),
(16931, 2741, 29, 0.91),
(16932, 2741, 43, 0.96),
(16933, 2741, 47, 1.46),
(16934, 2741, 49, 1.59),
(16935, 2741, 51, 1.53),
(16936, 2742, 14, 0.89),
(16937, 2742, 21, 1.10),
(16938, 2742, 22, 1.27),
(16939, 2742, 29, 0.89),
(16940, 2742, 35, 1.19),
(16941, 2742, 39, 1.06),
(16942, 2742, 40, 1.50),
(16943, 2742, 44, 0.89),
(16944, 2742, 49, 1.59),
(16945, 2742, 51, 1.53),
(16946, 2743, 2, 1.25),
(16947, 2743, 14, 0.90),
(16948, 2743, 15, 1.16),
(16949, 2743, 21, 1.12),
(16950, 2743, 22, 1.30),
(16951, 2743, 31, 1.10),
(16952, 2743, 35, 1.23),
(16953, 2743, 44, 0.89),
(16954, 2743, 47, 1.51),
(16955, 2743, 49, 1.70),
(16956, 2744, 2, 1.25),
(16957, 2744, 12, 0.84),
(16958, 2744, 14, 0.91),
(16959, 2744, 15, 1.17),
(16960, 2744, 22, 1.30),
(16961, 2744, 28, 0.85),
(16962, 2744, 29, 0.93),
(16963, 2744, 31, 1.15),
(16964, 2744, 39, 1.15),
(16965, 2744, 40, 1.70),
(16966, 2745, 12, 0.83),
(16967, 2745, 14, 0.90),
(16968, 2745, 20, 1.34),
(16969, 2745, 22, 1.29),
(16970, 2745, 28, 0.84),
(16971, 2745, 31, 1.10),
(16972, 2745, 35, 1.23),
(16973, 2745, 43, 0.99),
(16974, 2745, 49, 1.59),
(16975, 2745, 51, 1.53),
(16976, 2746, 2, 1.25),
(16977, 2746, 12, 0.84),
(16978, 2746, 15, 1.16),
(16979, 2746, 21, 1.12),
(16980, 2746, 22, 1.30),
(16981, 2746, 29, 0.91),
(16982, 2746, 35, 1.23),
(16983, 2746, 43, 0.99),
(16984, 2746, 44, 0.92),
(16985, 2746, 47, 1.61),
(16986, 2747, 12, 0.83),
(16987, 2747, 15, 1.15),
(16988, 2747, 20, 1.34),
(16989, 2747, 27, 0.80),
(16990, 2747, 28, 0.84),
(16991, 2747, 29, 0.91),
(16992, 2747, 31, 1.12),
(16993, 2747, 35, 1.26),
(16994, 2747, 40, 1.59),
(16995, 2747, 49, 1.70),
(16996, 2748, 2, 1.25),
(16997, 2748, 20, 1.33),
(16998, 2748, 21, 1.11),
(16999, 2748, 22, 1.29),
(17000, 2748, 27, 0.82),
(17001, 2748, 28, 0.85),
(17002, 2748, 29, 0.93),
(17003, 2748, 39, 1.11),
(17004, 2748, 40, 1.59),
(17005, 2748, 44, 0.99),
(17006, 2749, 14, 0.89),
(17007, 2749, 15, 1.15),
(17008, 2749, 20, 1.34),
(17009, 2749, 21, 1.12),
(17010, 2749, 28, 0.84),
(17011, 2749, 29, 0.91),
(17012, 2749, 31, 1.12),
(17013, 2749, 39, 1.11),
(17014, 2749, 43, 1.02),
(17015, 2749, 49, 1.70),
(17016, 2750, 2, 1.25),
(17017, 2750, 12, 0.84),
(17018, 2750, 14, 0.91),
(17019, 2750, 15, 1.17),
(17020, 2750, 22, 1.30),
(17021, 2750, 27, 0.83),
(17022, 2750, 28, 0.87),
(17023, 2750, 31, 1.15),
(17024, 2750, 35, 1.30),
(17025, 2750, 49, 1.70),
(17026, 2751, 2, 1.25),
(17027, 2751, 20, 1.33),
(17028, 2751, 21, 1.11),
(17029, 2751, 27, 0.80),
(17030, 2751, 28, 0.84),
(17031, 2751, 35, 1.20),
(17032, 2751, 40, 1.50),
(17033, 2751, 43, 0.99),
(17034, 2751, 44, 0.92),
(17035, 2751, 51, 1.53),
(17036, 2752, 14, 0.89),
(17037, 2752, 15, 1.15),
(17038, 2752, 20, 1.34),
(17039, 2752, 21, 1.12),
(17040, 2752, 22, 1.30),
(17041, 2752, 31, 1.10),
(17042, 2752, 43, 0.96),
(17043, 2752, 44, 0.89),
(17044, 2752, 47, 1.51),
(17045, 2752, 49, 1.70),
(17046, 2753, 12, 0.83),
(17047, 2753, 14, 0.90),
(17048, 2753, 22, 1.27),
(17049, 2753, 27, 0.80),
(17050, 2753, 31, 1.09),
(17051, 2753, 39, 1.06),
(17052, 2753, 43, 0.96),
(17053, 2753, 44, 0.89),
(17054, 2753, 47, 1.51),
(17055, 2753, 51, 1.53),
(17056, 2754, 2, 1.25),
(17057, 2754, 14, 0.90),
(17058, 2754, 22, 1.27),
(17059, 2754, 28, 0.83),
(17060, 2754, 29, 0.90),
(17061, 2754, 39, 1.06),
(17062, 2754, 40, 1.50),
(17063, 2754, 43, 0.99),
(17064, 2754, 47, 1.51),
(17065, 2754, 51, 1.53),
(17066, 2755, 12, 0.83),
(17067, 2755, 14, 0.90),
(17068, 2755, 15, 1.16),
(17069, 2755, 21, 1.12),
(17070, 2755, 27, 0.82),
(17071, 2755, 28, 0.85),
(17072, 2755, 29, 0.93),
(17073, 2755, 31, 1.15),
(17074, 2755, 35, 1.30),
(17075, 2755, 39, 1.23),
(17076, 2756, 2, 1.25),
(17077, 2756, 15, 1.15),
(17078, 2756, 20, 1.34),
(17079, 2756, 21, 1.12),
(17080, 2756, 22, 1.30),
(17081, 2756, 27, 0.83),
(17082, 2756, 29, 0.93),
(17083, 2756, 31, 1.15),
(17084, 2756, 43, 1.02),
(17085, 2756, 51, 1.53),
(17086, 2757, 12, 0.83),
(17087, 2757, 21, 1.10),
(17088, 2757, 22, 1.27),
(17089, 2757, 27, 0.80),
(17090, 2757, 28, 0.84),
(17091, 2757, 35, 1.20),
(17092, 2757, 39, 1.08),
(17093, 2757, 43, 0.99),
(17094, 2757, 44, 0.92),
(17095, 2757, 47, 1.61),
(17096, 2758, 2, 1.25),
(17097, 2758, 14, 0.90),
(17098, 2758, 15, 1.16),
(17099, 2758, 20, 1.36),
(17100, 2758, 27, 0.82),
(17101, 2758, 29, 0.91),
(17102, 2758, 31, 1.12),
(17103, 2758, 39, 1.11),
(17104, 2758, 44, 0.92),
(17105, 2758, 51, 1.53),
(17106, 2759, 14, 0.89),
(17107, 2759, 20, 1.33),
(17108, 2759, 21, 1.11),
(17109, 2759, 27, 0.80),
(17110, 2759, 29, 0.90),
(17111, 2759, 31, 1.10),
(17112, 2759, 35, 1.23),
(17113, 2759, 39, 1.11),
(17114, 2759, 44, 0.92),
(17115, 2759, 51, 1.53),
(17116, 2760, 2, 1.25),
(17117, 2760, 14, 0.90),
(17118, 2760, 20, 1.34),
(17119, 2760, 21, 1.12),
(17120, 2760, 27, 0.82),
(17121, 2760, 31, 1.10),
(17122, 2760, 35, 1.23),
(17123, 2760, 43, 0.99),
(17124, 2760, 44, 0.92),
(17125, 2760, 49, 1.70),
(17126, 2761, 12, 0.47),
(17127, 2761, 29, 0.47),
(17128, 2761, 31, 0.53),
(17129, 2761, 50, 0.44),
(17130, 2761, 55, 0.43),
(17131, 2762, 2, 0.70),
(17132, 2762, 10, 0.56),
(17133, 2762, 14, 0.46),
(17134, 2762, 20, 0.62),
(17135, 2762, 28, 0.32),
(17136, 2763, 20, 0.74),
(17137, 2763, 27, 0.42),
(17138, 2763, 28, 0.41),
(17139, 2763, 54, 0.47),
(17140, 2763, 55, 0.43),
(17141, 2764, 2, 0.70),
(17142, 2764, 27, 0.42),
(17143, 2764, 45, 0.49),
(17144, 2764, 50, 0.44),
(17145, 2764, 54, 0.39),
(17146, 2765, 2, 0.70),
(17147, 2765, 10, 0.56),
(17148, 2765, 21, 0.56),
(17149, 2765, 22, 0.59),
(17150, 2765, 28, 0.32),
(17151, 2766, 20, 0.74),
(17152, 2766, 22, 0.68),
(17153, 2766, 31, 0.53),
(17154, 2766, 54, 0.47),
(17155, 2766, 55, 0.43),
(17156, 2767, 10, 0.58),
(17157, 2767, 27, 0.42),
(17158, 2767, 28, 0.41),
(17159, 2767, 50, 0.44),
(17160, 2767, 54, 0.39),
(17161, 2768, 2, 0.70),
(17162, 2768, 21, 0.59),
(17163, 2768, 22, 0.64),
(17164, 2768, 29, 0.41),
(17165, 2768, 55, 0.43),
(17166, 2769, 10, 0.58),
(17167, 2769, 12, 0.45),
(17168, 2769, 21, 0.56),
(17169, 2769, 22, 0.59),
(17170, 2769, 45, 0.38),
(17171, 2770, 14, 0.50),
(17172, 2770, 21, 0.59),
(17173, 2770, 22, 0.64),
(17174, 2770, 29, 0.41),
(17175, 2770, 45, 0.38),
(17176, 2771, 21, 0.93),
(17177, 2771, 22, 1.05),
(17178, 2771, 28, 0.67),
(17179, 2771, 29, 0.70),
(17180, 2771, 31, 0.81),
(17181, 2771, 50, 0.69),
(17182, 2771, 54, 0.66),
(17183, 2772, 12, 0.71),
(17184, 2772, 20, 1.11),
(17185, 2772, 21, 0.90),
(17186, 2772, 29, 0.70),
(17187, 2772, 50, 0.72),
(17188, 2772, 54, 0.74),
(17189, 2772, 55, 0.72),
(17190, 2773, 2, 1.07),
(17191, 2773, 12, 0.70),
(17192, 2773, 14, 0.74),
(17193, 2773, 21, 0.88),
(17194, 2773, 31, 0.81),
(17195, 2773, 45, 0.71),
(17196, 2773, 55, 0.72),
(17197, 2774, 10, 0.89),
(17198, 2774, 12, 0.70),
(17199, 2774, 21, 0.90),
(17200, 2774, 22, 1.01),
(17201, 2774, 27, 0.61),
(17202, 2774, 28, 0.60),
(17203, 2774, 29, 0.57),
(17204, 2775, 2, 1.07),
(17205, 2775, 10, 0.88),
(17206, 2775, 12, 0.69),
(17207, 2775, 31, 0.84),
(17208, 2775, 45, 0.75),
(17209, 2775, 54, 0.74),
(17210, 2775, 55, 0.72),
(17211, 2776, 12, 0.71),
(17212, 2776, 20, 1.11),
(17213, 2776, 28, 0.67),
(17214, 2776, 29, 0.70),
(17215, 2776, 31, 0.81),
(17216, 2776, 45, 0.71),
(17217, 2776, 55, 0.72),
(17218, 2777, 2, 1.07),
(17219, 2777, 10, 0.88),
(17220, 2777, 12, 0.69),
(17221, 2777, 20, 1.06),
(17222, 2777, 29, 0.67),
(17223, 2777, 54, 0.74),
(17224, 2777, 55, 0.72),
(17225, 2778, 10, 0.89),
(17226, 2778, 12, 0.70),
(17227, 2778, 21, 0.90),
(17228, 2778, 29, 0.70),
(17229, 2778, 31, 0.81),
(17230, 2778, 50, 0.69),
(17231, 2778, 55, 0.72),
(17232, 2779, 10, 0.89),
(17233, 2779, 14, 0.75),
(17234, 2779, 27, 0.65),
(17235, 2779, 31, 0.84),
(17236, 2779, 45, 0.75),
(17237, 2779, 50, 0.69),
(17238, 2779, 54, 0.66),
(17239, 2780, 12, 0.71),
(17240, 2780, 14, 0.75),
(17241, 2780, 21, 0.90),
(17242, 2780, 27, 0.63),
(17243, 2780, 28, 0.63),
(17244, 2780, 45, 0.71),
(17245, 2780, 55, 0.72),
(17246, 2781, 2, 1.25),
(17247, 2781, 12, 0.83),
(17248, 2781, 14, 0.88),
(17249, 2781, 20, 1.28),
(17250, 2781, 21, 1.04),
(17251, 2781, 22, 1.18),
(17252, 2781, 27, 0.72),
(17253, 2781, 28, 0.72),
(17254, 2781, 29, 0.74),
(17255, 2781, 31, 0.81),
(17256, 2782, 2, 1.25),
(17257, 2782, 10, 1.03),
(17258, 2782, 21, 1.07),
(17259, 2782, 22, 1.21),
(17260, 2782, 28, 0.77),
(17261, 2782, 29, 0.81),
(17262, 2782, 31, 0.96),
(17263, 2782, 50, 0.83),
(17264, 2782, 54, 0.85),
(17265, 2782, 55, 0.84),
(17266, 2783, 2, 1.25),
(17267, 2783, 10, 1.03),
(17268, 2783, 12, 0.82),
(17269, 2783, 20, 1.28),
(17270, 2783, 22, 1.20),
(17271, 2783, 29, 0.81),
(17272, 2783, 31, 0.96),
(17273, 2783, 45, 0.86),
(17274, 2783, 50, 0.79),
(17275, 2783, 55, 0.84),
(17276, 2784, 2, 1.25),
(17277, 2784, 14, 0.88),
(17278, 2784, 20, 1.29),
(17279, 2784, 22, 1.21),
(17280, 2784, 29, 0.82),
(17281, 2784, 31, 0.98),
(17282, 2784, 45, 0.88),
(17283, 2784, 50, 0.83),
(17284, 2784, 54, 0.85),
(17285, 2784, 55, 0.84),
(17286, 2785, 10, 1.04),
(17287, 2785, 12, 0.83),
(17288, 2785, 14, 0.88),
(17289, 2785, 21, 1.05),
(17290, 2785, 22, 1.20),
(17291, 2785, 28, 0.76),
(17292, 2785, 45, 0.88),
(17293, 2785, 50, 0.83),
(17294, 2785, 54, 0.85),
(17295, 2785, 55, 0.84),
(17296, 2786, 2, 1.25),
(17297, 2786, 14, 0.88),
(17298, 2786, 20, 1.29),
(17299, 2786, 21, 1.05),
(17300, 2786, 22, 1.20),
(17301, 2786, 27, 0.73),
(17302, 2786, 29, 0.79),
(17303, 2786, 31, 0.93),
(17304, 2786, 50, 0.79),
(17305, 2786, 55, 0.84),
(17306, 2787, 12, 0.83),
(17307, 2787, 20, 1.30),
(17308, 2787, 21, 1.07),
(17309, 2787, 22, 1.21),
(17310, 2787, 29, 0.82),
(17311, 2787, 31, 0.98),
(17312, 2787, 45, 0.88),
(17313, 2787, 50, 0.83),
(17314, 2787, 54, 0.85),
(17315, 2787, 55, 0.84),
(17316, 2788, 2, 1.25),
(17317, 2788, 10, 1.03),
(17318, 2788, 20, 1.29),
(17319, 2788, 21, 1.05),
(17320, 2788, 27, 0.75),
(17321, 2788, 28, 0.76),
(17322, 2788, 29, 0.79),
(17323, 2788, 31, 0.93),
(17324, 2788, 45, 0.82),
(17325, 2788, 50, 0.72),
(17326, 2789, 2, 1.25),
(17327, 2789, 10, 1.03),
(17328, 2789, 12, 0.82),
(17329, 2789, 14, 0.87),
(17330, 2789, 21, 1.04),
(17331, 2789, 27, 0.73),
(17332, 2789, 29, 0.79),
(17333, 2789, 45, 0.86),
(17334, 2789, 54, 0.85),
(17335, 2789, 55, 0.84),
(17336, 2790, 2, 1.25),
(17337, 2790, 10, 1.03),
(17338, 2790, 12, 0.82),
(17339, 2790, 14, 0.87),
(17340, 2790, 20, 1.26),
(17341, 2790, 22, 1.18),
(17342, 2790, 27, 0.72),
(17343, 2790, 29, 0.77),
(17344, 2790, 31, 0.89),
(17345, 2790, 45, 0.74);



CREATE TABLE `Documents` (
  `id_document` int(11) NOT NULL,
  `etiquettes_paniers` text DEFAULT NULL,
  `feuille_preparation_commandes` text DEFAULT NULL,
  `feuille_route` text DEFAULT NULL
) ENGINE=InnoDB DEFAULT CHARSET=utf8mb4 COLLATE=utf8mb4_unicode_ci;



CREATE TABLE `Espace_client` (
  `id_espace_client` int(11) NOT NULL,
  `id_client` int(11) DEFAULT NULL,
  `commandes_en_cours` text DEFAULT NULL,
  `composition_prochain_panier` text DEFAULT NULL,
  `coordonnees_bancaires` text DEFAULT NULL,
  `coordonnees_personnelles` text DEFAULT NULL,
  `historique_commandes` text DEFAULT NULL,
  `livraisons` text DEFAULT NULL,
  `factures` text DEFAULT NULL
) ENGINE=InnoDB DEFAULT CHARSET=utf8mb4 COLLATE=utf8mb4_unicode_ci;



CREATE TABLE `Jardins_cocagne` (
  `id_jardin` int(11) NOT NULL,
  `localisation` text DEFAULT NULL,
  `nom` varchar(100) DEFAULT NULL,
  `relation_partenaires` text DEFAULT NULL,
  `statut` varchar(50) DEFAULT NULL
) ENGINE=InnoDB DEFAULT CHARSET=utf8mb4 COLLATE=utf8mb4_unicode_ci;



CREATE TABLE `Legume` (
  `id_Legume` int(11) NOT NULL,
  `nom` varchar(50) NOT NULL,
  `periode` varchar(12) NOT NULL,
  `prix` double NOT NULL,
  `stock` int(11) NOT NULL DEFAULT 0
) ENGINE=InnoDB DEFAULT CHARSET=utf8mb4 COLLATE=utf8mb4_unicode_ci;


INSERT INTO `Legume` (`id_Legume`, `nom`, `periode`, `prix`, `stock`) VALUES
(1, 'aubergine', 'oooxxxxooxoo', 3.5, 0),
(2, 'basilic vert', 'oooooooxxxoo', 2, 60),
(3, 'batavia', 'xxxxxxxxxooo', 1.8, 790),
(4, 'bette', 'xxxxxooooxxx', 2.5, 720),
(5, 'betterave rouge', 'xxxxxxxxxooo', 2.2, 470),
(6, 'carotte', 'xxxxxxxxxxxx', 1.5, 1200),
(7, 'carotte botte', 'xxxxxxoooooo', 1.8, 990),
(8, 'céleri rave', 'xxxxxxoooooo', 1.9, 590),
(9, 'chou blanc', 'xxxxxxxxxooo', 1.7, 510),
(10, 'chou brocoli', 'oooxxxxooxoo', 2.4, 384),
(11, 'chou chinois', 'xxxxxooooxxx', 2.1, 360),
(12, 'chou de Bruxelles', 'ooooooxxxxxo', 3, 254),
(13, 'chou de Milan', 'xxxxxooooxxx', 2.3, 340),
(14, 'chou fleur', 'oooooooxxxxx', 2.8, 357),
(15, 'chou pointu', 'xxxxoooooxxx', 2.2, 439),
(16, 'chou rave', 'xxxxxxoooooo', 2.5, 370),
(17, 'chou rouge', 'xxxxxxxxxooo', 2, 470),
(18, 'choucroute', 'xxxxxxoooooo', 3, 230),
(19, 'claytone/pourpier', 'xxxxxxoooooo', 2.5, 510),
(20, 'concombre', 'ooooooxxxxxo', 1.9, 496),
(21, 'courge', 'oooooooxxxxx', 2.3, 397),
(22, 'courgette', 'ooooooxxxxxo', 2, 584),
(23, 'échalote', 'xxxxxxoooooo', 3.5, 330),
(24, 'endive', 'xxxxxxoooooo', 1.8, 790),
(25, 'épinard', 'xxxxxxoooooo', 2.1, 710),
(26, 'fenouil', 'xxxxxooooxxx', 2.3, 380),
(27, 'haricot beurre', 'ooooooxxxxxo', 3.2, 357),
(28, 'haricot plat', 'ooooooxxxxxo', 3.1, 319),
(29, 'haricot vert', 'ooooooxxxxxo', 2.9, 635),
(30, 'mâche', 'xxxxxxoooooo', 1.6, 860),
(31, 'maïs', 'oooooooxxxxx', 2.4, 523),
(32, 'mesclum de jeune pousse', 'xxxxxxoooooo', 3, 710),
(33, 'navet botte', 'xxxxxooooxxx', 1.7, 560),
(34, 'navet violet / jaune', 'xxxxxxoooooo', 2.5, 470),
(35, 'oignon blanc', 'xxxxoooooxxx', 2.2, 639),
(36, 'oignon jaune / rouge', 'xxxxxxxxxooo', 2, 790),
(37, 'panais', 'xxxxxxoooooo', 1.9, 510),
(38, 'persil', 'xxxxxxxxxooo', 1.5, 980),
(39, 'petit pois', 'xxxxoooooxxx', 2.5, 559),
(40, 'pissenlit', 'xxxxoooooxxx', 1.8, 399),
(41, 'pleurote', 'xxxxxxxxxooo', 3.5, 190),
(42, 'poireau', 'xxxxxxxxxxxx', 2.2, 520),
(43, 'pois croquant', 'xxxxoooooxxx', 2.8, 439),
(44, 'pois mangetout', 'xxxxoooooxxx', 3.1, 299),
(45, 'poivron', 'oooxxxxooxoo', 2.6, 754),
(46, 'pomme de terre', 'xxxxxxxxxxxx', 1.2, 1600),
(47, 'radis asiatique rouge', 'xxxxoooooxxx', 1.9, 358),
(48, 'radis noir long / rond', 'xxxxxooooxxx', 2.3, 320),
(49, 'radis rose', 'xxxxoooooxxx', 1.8, 518),
(50, 'rhubarbe', 'oooxxxxooxoo', 2.7, 237),
(51, 'roquette', 'xxxxoooooxxx', 2, 598),
(52, 'rutabaga', 'xxxxxxoooooo', 2.4, 370),
(53, 'shiitake', 'xxxxxxxxxooo', 3.8, 150),
(54, 'tomate cerise', 'oooxxxxooxoo', 2.5, 670),
(55, 'tomate ronde', 'oooxxxxooxoo', 2.3, 748);



CREATE TABLE `Livraisons` (
  `id_livraison` int(11) NOT NULL,
  `jour_livraison` date DEFAULT NULL,
  `jour_preparation` date DEFAULT NULL,
  `points_depot_associes` text DEFAULT NULL,
  `validation_livraisons` tinyint(1) DEFAULT NULL,
  `id_calendrier` int(11) DEFAULT NULL,
  `id_tournee` int(11) DEFAULT NULL
) ENGINE=InnoDB DEFAULT CHARSET=utf8mb4 COLLATE=utf8mb4_unicode_ci;



CREATE TABLE `Livraisons_Documents` (
  `id_livraison` int(11) NOT NULL,
  `id_document` int(11) NOT NULL
) ENGINE=InnoDB DEFAULT CHARSET=utf8mb4 COLLATE=utf8mb4_unicode_ci;



CREATE TABLE `Paniers` (
  `id_Panier` int(11) NOT NULL,
  `type` varchar(20) DEFAULT NULL,
  `prix` decimal(5,2) DEFAULT NULL,
  `semaine` int(11) DEFAULT NULL
) ENGINE=InnoDB DEFAULT CHARSET=utf8mb4 COLLATE=utf8mb4_unicode_ci;



INSERT INTO `Paniers` (`id_Panier`, `type`, `prix`, `semaine`) VALUES
(2551, 'Petit', 7.00, 50),
(2552, 'Petit', 7.00, 50),
(2553, 'Petit', 7.00, 50),
(2554, 'Petit', 7.00, 50),
(2555, 'Petit', 7.00, 50),
(2556, 'Petit', 7.00, 50),
(2557, 'Petit', 7.00, 50),
(2558, 'Petit', 7.00, 50),
(2559, 'Petit', 7.00, 50),
(2560, 'Petit', 7.00, 50),
(2561, 'Petit', 7.00, 50),
(2562, 'Petit', 7.00, 50),
(2563, 'Petit', 7.00, 50),
(2564, 'Petit', 7.00, 50),
(2565, 'Petit', 7.00, 50),
(2566, 'Petit', 7.00, 50),
(2567, 'Petit', 7.00, 50),
(2568, 'Petit', 7.00, 50),
(2569, 'Petit', 7.00, 50),
(2570, 'Petit', 7.00, 50),
(2571, 'Petit', 7.00, 50),
(2572, 'Petit', 7.00, 50),
(2573, 'Petit', 7.00, 50),
(2574, 'Petit', 7.00, 50),
(2575, 'Petit', 7.00, 50),
(2576, 'Petit', 7.00, 50),
(2577, 'Petit', 7.00, 50),
(2578, 'Petit', 7.00, 50),
(2579, 'Petit', 7.00, 50),
(2580, 'Petit', 7.00, 50),
(2581, 'Petit', 7.00, 50),
(2582, 'Petit', 7.00, 50),
(2583, 'Petit', 7.00, 50),
(2584, 'Petit', 7.00, 50),
(2585, 'Petit', 7.00, 50),
(2586, 'Petit', 7.00, 50),
(2587, 'Petit', 7.00, 50),
(2588, 'Petit', 7.00, 50),
(2589, 'Petit', 7.00, 50),
(2590, 'Petit', 7.00, 50),
(2591, 'Petit', 7.00, 50),
(2592, 'Petit', 7.00, 50),
(2593, 'Petit', 7.00, 50),
(2594, 'Petit', 7.00, 50),
(2595, 'Petit', 7.00, 50),
(2596, 'Petit', 7.00, 50),
(2597, 'Petit', 7.00, 50),
(2598, 'Petit', 7.00, 50),
(2599, 'Petit', 7.00, 50),
(2600, 'Petit', 7.00, 50),
(2601, 'Moyen', 15.00, 50),
(2602, 'Moyen', 15.00, 50),
(2603, 'Moyen', 15.00, 50),
(2604, 'Moyen', 15.00, 50),
(2605, 'Moyen', 15.00, 50),
(2606, 'Moyen', 15.00, 50),
(2607, 'Moyen', 15.00, 50),
(2608, 'Moyen', 15.00, 50),
(2609, 'Moyen', 15.00, 50),
(2610, 'Moyen', 15.00, 50),
(2611, 'Moyen', 15.00, 50),
(2612, 'Moyen', 15.00, 50),
(2613, 'Moyen', 15.00, 50),
(2614, 'Moyen', 15.00, 50),
(2615, 'Moyen', 15.00, 50),
(2616, 'Moyen', 15.00, 50),
(2617, 'Moyen', 15.00, 50),
(2618, 'Moyen', 15.00, 50),
(2619, 'Moyen', 15.00, 50),
(2620, 'Moyen', 15.00, 50),
(2621, 'Moyen', 15.00, 50),
(2622, 'Moyen', 15.00, 50),
(2623, 'Moyen', 15.00, 50),
(2624, 'Moyen', 15.00, 50),
(2625, 'Moyen', 15.00, 50),
(2626, 'Moyen', 15.00, 50),
(2627, 'Moyen', 15.00, 50),
(2628, 'Moyen', 15.00, 50),
(2629, 'Moyen', 15.00, 50),
(2630, 'Moyen', 15.00, 50),
(2631, 'Moyen', 15.00, 50),
(2632, 'Moyen', 15.00, 50),
(2633, 'Moyen', 15.00, 50),
(2634, 'Moyen', 15.00, 50),
(2635, 'Moyen', 15.00, 50),
(2636, 'Moyen', 15.00, 50),
(2637, 'Moyen', 15.00, 50),
(2638, 'Moyen', 15.00, 50),
(2639, 'Moyen', 15.00, 50),
(2640, 'Moyen', 15.00, 50),
(2641, 'Moyen', 15.00, 50),
(2642, 'Moyen', 15.00, 50),
(2643, 'Moyen', 15.00, 50),
(2644, 'Moyen', 15.00, 50),
(2645, 'Moyen', 15.00, 50),
(2646, 'Moyen', 15.00, 50),
(2647, 'Moyen', 15.00, 50),
(2648, 'Moyen', 15.00, 50),
(2649, 'Moyen', 15.00, 50),
(2650, 'Moyen', 15.00, 50),
(2651, 'Gros', 25.00, 50),
(2652, 'Gros', 25.00, 50),
(2653, 'Gros', 25.00, 50),
(2654, 'Gros', 25.00, 50),
(2655, 'Gros', 25.00, 50),
(2656, 'Gros', 25.00, 50),
(2657, 'Gros', 25.00, 50),
(2658, 'Gros', 25.00, 50),
(2659, 'Gros', 25.00, 50),
(2660, 'Gros', 25.00, 50),
(2661, 'Gros', 25.00, 50),
(2662, 'Gros', 25.00, 50),
(2663, 'Gros', 25.00, 50),
(2664, 'Gros', 25.00, 50),
(2665, 'Gros', 25.00, 50),
(2666, 'Gros', 25.00, 50),
(2667, 'Gros', 25.00, 50),
(2668, 'Gros', 25.00, 50),
(2669, 'Gros', 25.00, 50),
(2670, 'Gros', 25.00, 50),
(2671, 'Gros', 25.00, 50),
(2672, 'Gros', 25.00, 50),
(2673, 'Gros', 25.00, 50),
(2674, 'Gros', 25.00, 50),
(2675, 'Gros', 25.00, 50),
(2676, 'Gros', 25.00, 50),
(2677, 'Gros', 25.00, 50),
(2678, 'Gros', 25.00, 50),
(2679, 'Gros', 25.00, 50),
(2680, 'Gros', 25.00, 50),
(2681, 'Gros', 25.00, 50),
(2682, 'Gros', 25.00, 50),
(2683, 'Gros', 25.00, 50),
(2684, 'Gros', 25.00, 50),
(2685, 'Gros', 25.00, 50),
(2686, 'Gros', 25.00, 50),
(2687, 'Gros', 25.00, 50),
(2688, 'Gros', 25.00, 50),
(2689, 'Gros', 25.00, 50),
(2690, 'Gros', 25.00, 50),
(2691, 'Gros', 25.00, 50),
(2692, 'Gros', 25.00, 50),
(2693, 'Gros', 25.00, 50),
(2694, 'Gros', 25.00, 50),
(2695, 'Gros', 25.00, 50),
(2696, 'Gros', 25.00, 50),
(2697, 'Gros', 25.00, 50),
(2698, 'Gros', 25.00, 50),
(2699, 'Gros', 25.00, 50),
(2700, 'Gros', 25.00, 50),
(2701, 'Petit', 7.00, 20),
(2702, 'Petit', 7.00, 20),
(2703, 'Petit', 7.00, 20),
(2704, 'Petit', 7.00, 20),
(2705, 'Petit', 7.00, 20),
(2706, 'Petit', 7.00, 20),
(2707, 'Petit', 7.00, 20),
(2708, 'Petit', 7.00, 20),
(2709, 'Petit', 7.00, 20),
(2710, 'Petit', 7.00, 20),
(2711, 'Petit', 7.00, 20),
(2712, 'Petit', 7.00, 20),
(2713, 'Petit', 7.00, 20),
(2714, 'Petit', 7.00, 20),
(2715, 'Petit', 7.00, 20),
(2716, 'Petit', 7.00, 20),
(2717, 'Petit', 7.00, 20),
(2718, 'Petit', 7.00, 20),
(2719, 'Petit', 7.00, 20),
(2720, 'Petit', 7.00, 20),
(2721, 'Moyen', 15.00, 20),
(2722, 'Moyen', 15.00, 20),
(2723, 'Moyen', 15.00, 20),
(2724, 'Moyen', 15.00, 20),
(2725, 'Moyen', 15.00, 20),
(2726, 'Moyen', 15.00, 20),
(2727, 'Moyen', 15.00, 20),
(2728, 'Moyen', 15.00, 20),
(2729, 'Moyen', 15.00, 20),
(2730, 'Moyen', 15.00, 20),
(2731, 'Moyen', 15.00, 20),
(2732, 'Moyen', 15.00, 20),
(2733, 'Moyen', 15.00, 20),
(2734, 'Moyen', 15.00, 20),
(2735, 'Moyen', 15.00, 20),
(2736, 'Moyen', 15.00, 20),
(2737, 'Moyen', 15.00, 20),
(2738, 'Moyen', 15.00, 20),
(2739, 'Moyen', 15.00, 20),
(2740, 'Moyen', 15.00, 20),
(2741, 'Gros', 25.00, 20),
(2742, 'Gros', 25.00, 20),
(2743, 'Gros', 25.00, 20),
(2744, 'Gros', 25.00, 20),
(2745, 'Gros', 25.00, 20),
(2746, 'Gros', 25.00, 20),
(2747, 'Gros', 25.00, 20),
(2748, 'Gros', 25.00, 20),
(2749, 'Gros', 25.00, 20),
(2750, 'Gros', 25.00, 20),
(2751, 'Gros', 25.00, 20),
(2752, 'Gros', 25.00, 20),
(2753, 'Gros', 25.00, 20),
(2754, 'Gros', 25.00, 20),
(2755, 'Gros', 25.00, 20),
(2756, 'Gros', 25.00, 20),
(2757, 'Gros', 25.00, 20),
(2758, 'Gros', 25.00, 20),
(2759, 'Gros', 25.00, 20),
(2760, 'Gros', 25.00, 20),
(2761, 'Petit', 7.00, 10),
(2762, 'Petit', 7.00, 10),
(2763, 'Petit', 7.00, 10),
(2764, 'Petit', 7.00, 10),
(2765, 'Petit', 7.00, 10),
(2766, 'Petit', 7.00, 10),
(2767, 'Petit', 7.00, 10),
(2768, 'Petit', 7.00, 10),
(2769, 'Petit', 7.00, 10),
(2770, 'Petit', 7.00, 10),
(2771, 'Moyen', 15.00, 10),
(2772, 'Moyen', 15.00, 10),
(2773, 'Moyen', 15.00, 10),
(2774, 'Moyen', 15.00, 10),
(2775, 'Moyen', 15.00, 10),
(2776, 'Moyen', 15.00, 10),
(2777, 'Moyen', 15.00, 10),
(2778, 'Moyen', 15.00, 10),
(2779, 'Moyen', 15.00, 10),
(2780, 'Moyen', 15.00, 10),
(2781, 'Gros', 25.00, 10),
(2782, 'Gros', 25.00, 10),
(2783, 'Gros', 25.00, 10),
(2784, 'Gros', 25.00, 10),
(2785, 'Gros', 25.00, 10),
(2786, 'Gros', 25.00, 10),
(2787, 'Gros', 25.00, 10),
(2788, 'Gros', 25.00, 10),
(2789, 'Gros', 25.00, 10),
(2790, 'Gros', 25.00, 10);



CREATE TABLE `PointsDepot_Paniers` (
  `id_point_depot` int(11) NOT NULL,
  `id_panier` int(11) NOT NULL
) ENGINE=InnoDB DEFAULT CHARSET=utf8mb4 COLLATE=utf8mb4_unicode_ci;



CREATE TABLE `Points_depot` (
  `id_point_depot` int(11) NOT NULL,
  `adresse` text DEFAULT NULL,
  `couleur_associee` varchar(50) DEFAULT NULL,
  `nom` varchar(100) DEFAULT NULL,
  `nom_gerant` varchar(100) DEFAULT NULL,
  `telephone` varchar(20) DEFAULT NULL,
  `lng` double NOT NULL,
  `lat` double NOT NULL
) ENGINE=InnoDB DEFAULT CHARSET=utf8mb4 COLLATE=utf8mb4_unicode_ci;



INSERT INTO `Points_depot` (`id_point_depot`, `adresse`, `couleur_associee`, `nom`, `nom_gerant`, `telephone`, `lng`, `lat`) VALUES
(10, '11 rue de lunivercite', '#a10c0c', 'sdfsf', 'sdfds', 'sdf', 6.942607, 48.289991),
(12, '9 allée des erables', '#15a231', 'wsddsq', 'qdsdq', 'qsd', 2.326772, 48.630309),
(14, '95 avenue du Marechal Juin', '#34eacb', 'sdqfsd', 'fdsfdsfds', '04.43.98.37.52', 7.192926, 43.659241),
(15, '45 Rue de la Pompe', '#55dbdd', 'edrfg', 'erger', 'ergerg', 1.719465, 48.984275),
(19, '66 Rue Robert Schuman', '#3685ce', 'rthrthyr', 'ytryrt', 'rtyrt', 6.134504, 49.113814);


CREATE TABLE `Période` (
  `id_periode` int(11) NOT NULL,
  `date` date DEFAULT NULL
) ENGINE=InnoDB DEFAULT CHARSET=utf8mb4 COLLATE=utf8mb4_unicode_ci;



CREATE TABLE `Tournees_livraison` (
  `id_tournee` int(11) NOT NULL,
  `couleur_associee` varchar(50) DEFAULT NULL,
  `jour_livraison` date DEFAULT NULL,
  `jour_preparation` date DEFAULT NULL,
  `numero_dordre` int(11) DEFAULT NULL
) ENGINE=InnoDB DEFAULT CHARSET=utf8mb4 COLLATE=utf8mb4_unicode_ci;



INSERT INTO `Tournees_livraison` (`id_tournee`, `couleur_associee`, `jour_livraison`, `jour_preparation`, `numero_dordre`) VALUES
(4, '#FF0000', '2025-01-19', '2025-01-18', NULL),
(5, '#991414', '2025-01-31', '2025-01-22', NULL),
(6, '#181d68', '2025-01-18', '2025-01-14', 97394),
(7, '#ff00dd', '2025-01-18', '2025-01-16', 67838492),
(8, '#b12b2b', '2025-01-18', '2025-01-07', 89727892);


CREATE TABLE `Tournees_PointsDepot` (
  `id` int(11) NOT NULL,
  `id_Tournees_livraison` int(11) NOT NULL,
  `id_Points_depot` int(11) NOT NULL,
  `ordre` int(11) NOT NULL
) ENGINE=InnoDB DEFAULT CHARSET=utf8mb4 COLLATE=utf8mb4_unicode_ci;



INSERT INTO `Tournees_PointsDepot` (`id`, `id_Tournees_livraison`, `id_Points_depot`, `ordre`) VALUES
(1, 4, 13, 1),
(2, 4, 19, 2),
(3, 4, 14, 3),
(4, 4, 15, 4),
(5, 5, 13, 1),
(6, 5, 19, 2),
(7, 6, 13, 1),
(8, 6, 14, 2),
(9, 6, 19, 3),
(10, 7, 13, 1),
(11, 7, 14, 2),
(12, 7, 19, 3),
(13, 7, 10, 4),
(14, 8, 10, 1),
(15, 8, 19, 2);


ALTER TABLE `Abonnements`
  ADD PRIMARY KEY (`id_abonnement`);


ALTER TABLE `Abonnements_Livraisons`
  ADD PRIMARY KEY (`id_abonnement`,`id_livraison`);

ALTER TABLE `Actions_adhérent`
  ADD PRIMARY KEY (`id_action_client`);


ALTER TABLE `Adhesions`
  ADD PRIMARY KEY (`id_adhesion`);


ALTER TABLE `Adhérent`
  ADD PRIMARY KEY (`id_client`);

ALTER TABLE `Adhérent_Paniers`
  ADD PRIMARY KEY (`id_client`,`id_panier`);


ALTER TABLE `Calendrier`
  ADD PRIMARY KEY (`id_calendrier`);


ALTER TABLE `ContenuPanier`
  ADD PRIMARY KEY (`id_Contenu`);


ALTER TABLE `Documents`
  ADD PRIMARY KEY (`id_document`);


ALTER TABLE `Espace_client`
  ADD PRIMARY KEY (`id_espace_client`);


ALTER TABLE `Jardins_cocagne`
  ADD PRIMARY KEY (`id_jardin`);


ALTER TABLE `Legume`
  ADD PRIMARY KEY (`id_Legume`);


ALTER TABLE `Livraisons`
  ADD PRIMARY KEY (`id_livraison`);


ALTER TABLE `Livraisons_Documents`
  ADD PRIMARY KEY (`id_livraison`,`id_document`);


ALTER TABLE `Paniers`
  ADD PRIMARY KEY (`id_Panier`);


ALTER TABLE `PointsDepot_Paniers`
  ADD PRIMARY KEY (`id_point_depot`,`id_panier`);


ALTER TABLE `Points_depot`
  ADD PRIMARY KEY (`id_point_depot`);


ALTER TABLE `Période`
  ADD PRIMARY KEY (`id_periode`);


ALTER TABLE `Tournees_livraison`
  ADD PRIMARY KEY (`id_tournee`);

ALTER TABLE `Tournees_PointsDepot`
  ADD PRIMARY KEY (`id`);


ALTER TABLE `ContenuPanier`
  MODIFY `id_Contenu` int(11) NOT NULL AUTO_INCREMENT, AUTO_INCREMENT=17346;


ALTER TABLE `Legume`
  MODIFY `id_Legume` int(11) NOT NULL AUTO_INCREMENT, AUTO_INCREMENT=56;


ALTER TABLE `Paniers`
  MODIFY `id_Panier` int(11) NOT NULL AUTO_INCREMENT, AUTO_INCREMENT=2791;

ALTER TABLE `Points_depot`
  MODIFY `id_point_depot` int(11) NOT NULL AUTO_INCREMENT, AUTO_INCREMENT=20;


ALTER TABLE `Tournees_livraison`
  MODIFY `id_tournee` int(11) NOT NULL AUTO_INCREMENT, AUTO_INCREMENT=9;


ALTER TABLE `Tournees_PointsDepot`
  MODIFY `id` int(11) NOT NULL AUTO_INCREMENT, AUTO_INCREMENT=16;
COMMIT;

